Configuration/PageTS/ModWizards.ts,Configuration/PageTS/mod_wizards.txt,Configuration/PageTS/Mod/Wizards/newContentElement.txt
Configuration/PageTS/TSConfig.ts,Configuration/PageTS/tsconfig.txt,Configuration/PageTS/TCEFORM.txt,Configuration/TSconfig/Page/TCEFORM.tsconfig,Configuration/TsConfig/Page/TCEFORM.tsconfig
Configuration/TCA/AccordionItem.php,Configuration/TCA/tx_bootstrappackage_accordion_item.php
Configuration/TCA/CarouselItem.php,Configuration/TCA/tx_bootstrappackage_carousel_item.php
Resources/Public/JavaScript/Libs/bootstrap.js,Resources/Public/JavaScript/Libs/Bootstrap-3-1-1/bootstrap.js,Resources/Public/JavaScript/Libs/bootstrap.js
Resources/Public/JavaScript/Libs/bootstrap.min.js,Resources/Public/JavaScript/Libs/Bootstrap-3-1-1/bootstrap.min.js,Resources/Public/JavaScript/Libs/bootstrap.min.js,Resources/Public/Contrib/bootstrap3/bootstrap.min.js,Resources/Public/Contrib/bootstrap3/js/bootstrap.min.js
Configuration/TypoScript/Bootstrap-3-1-1/constants.txt,Configuration/TypoScript/Bootstrap/constants.txt,Configuration/TypoScript/Bootstrap/constants.typoscript
Resources/Private/Less/Bootstrap-3-1-1/alerts.less,Resources/Private/Less/Bootstrap/alerts.less,Resources/Public/Less/Bootstrap/alerts.less,Resources/Public/Contrib/bootstrap3/less/alerts.less
Resources/Private/Less/Bootstrap-3-1-1/badges.less,Resources/Private/Less/Bootstrap/badges.less,Resources/Public/Less/Bootstrap/badges.less,Resources/Public/Contrib/bootstrap3/less/badges.less
Resources/Private/Less/Bootstrap-3-1-1/bootstrap.less,Resources/Private/Less/Bootstrap/bootstrap.less,Resources/Public/Less/Bootstrap/bootstrap.less,Resources/Public/Contrib/bootstrap3/less/bootstrap.less
Resources/Private/Less/Bootstrap-3-1-1/breadcrumbs.less,Resources/Private/Less/Bootstrap/breadcrumbs.less,Resources/Public/Less/Bootstrap/breadcrumbs.less,Resources/Public/Contrib/bootstrap3/less/breadcrumbs.less
Resources/Private/Less/Bootstrap-3-1-1/button-groups.less,Resources/Private/Less/Bootstrap/button-groups.less,Resources/Public/Less/Bootstrap/button-groups.less,Resources/Public/Contrib/bootstrap3/less/button-groups.less
Resources/Private/Less/Bootstrap-3-1-1/buttons.less,Resources/Private/Less/Bootstrap/buttons.less,Resources/Public/Less/Bootstrap/buttons.less,Resources/Public/Contrib/bootstrap3/less/buttons.less
Resources/Private/Less/Bootstrap-3-1-1/carousel.less,Resources/Private/Less/Bootstrap/carousel.less,Resources/Public/Less/Bootstrap/carousel.less,Resources/Public/Contrib/bootstrap3/less/carousel.less
Resources/Private/Less/Bootstrap-3-1-1/close.less,Resources/Private/Less/Bootstrap/close.less,Resources/Public/Less/Bootstrap/close.less,Resources/Public/Contrib/bootstrap3/less/close.less
Resources/Private/Less/Bootstrap-3-1-1/code.less,Resources/Private/Less/Bootstrap/code.less,Resources/Public/Less/Bootstrap/code.less,Resources/Public/Contrib/bootstrap3/less/code.less
Resources/Private/Less/Bootstrap-3-1-1/component-animations.less,Resources/Private/Less/Bootstrap/component-animations.less,Resources/Public/Less/Bootstrap/component-animations.less,Resources/Public/Contrib/bootstrap3/less/component-animations.less
Resources/Private/Less/Bootstrap-3-1-1/dropdowns.less,Resources/Private/Less/Bootstrap/dropdowns.less,Resources/Public/Less/Bootstrap/dropdowns.less,Resources/Public/Contrib/bootstrap3/less/dropdowns.less
Resources/Private/Less/Bootstrap-3-1-1/forms.less,Resources/Private/Less/Bootstrap/forms.less,Resources/Public/Less/Bootstrap/forms.less,Resources/Public/Contrib/bootstrap3/less/forms.less
Resources/Private/Less/Bootstrap-3-1-1/glyphicons.less,Resources/Private/Less/Bootstrap/glyphicons.less,Resources/Public/Less/Bootstrap/glyphicons.less,Resources/Public/Contrib/bootstrap3/less/glyphicons.less
Resources/Private/Less/Bootstrap-3-1-1/grid.less,Resources/Private/Less/Bootstrap/grid.less,Resources/Public/Less/Bootstrap/grid.less,Resources/Public/Contrib/bootstrap3/less/grid.less
Resources/Private/Less/Bootstrap-3-1-1/input-groups.less,Resources/Private/Less/Bootstrap/input-groups.less,Resources/Public/Less/Bootstrap/input-groups.less,Resources/Public/Contrib/bootstrap3/less/input-groups.less
Resources/Private/Less/Bootstrap-3-1-1/jumbotron.less,Resources/Private/Less/Bootstrap/jumbotron.less,Resources/Public/Less/Bootstrap/jumbotron.less,Resources/Public/Contrib/bootstrap3/less/jumbotron.less
Resources/Private/Less/Bootstrap-3-1-1/labels.less,Resources/Private/Less/Bootstrap/labels.less,Resources/Public/Less/Bootstrap/labels.less,Resources/Public/Contrib/bootstrap3/less/labels.less
Resources/Private/Less/Bootstrap-3-1-1/list-group.less,Resources/Private/Less/Bootstrap/list-group.less,Resources/Public/Less/Bootstrap/list-group.less,Resources/Public/Contrib/bootstrap3/less/list-group.less
Resources/Private/Less/Bootstrap-3-1-1/media.less,Resources/Private/Less/Bootstrap/media.less,Resources/Public/Less/Bootstrap/media.less,Resources/Public/Contrib/bootstrap3/less/media.less
Resources/Private/Less/Bootstrap-3-1-1/mixins.less,Resources/Private/Less/Bootstrap/mixins.less,Resources/Public/Less/Bootstrap/mixins.less,Resources/Public/Contrib/bootstrap3/less/mixins.less
Resources/Private/Less/Bootstrap-3-1-1/modals.less,Resources/Private/Less/Bootstrap/modals.less,Resources/Public/Less/Bootstrap/modals.less,Resources/Public/Contrib/bootstrap3/less/modals.less
Resources/Private/Less/Bootstrap-3-1-1/navbar.less,Resources/Private/Less/Bootstrap/navbar.less,Resources/Public/Less/Bootstrap/navbar.less,Resources/Public/Contrib/bootstrap3/less/navbar.less
Resources/Private/Less/Bootstrap-3-1-1/navs.less,Resources/Private/Less/Bootstrap/navs.less,Resources/Public/Less/Bootstrap/navs.less,Resources/Public/Contrib/bootstrap3/less/navs.less
Resources/Private/Less/Bootstrap-3-1-1/normalize.less,Resources/Private/Less/Bootstrap/normalize.less,Resources/Public/Less/Bootstrap/normalize.less,Resources/Public/Contrib/bootstrap3/less/normalize.less
Resources/Private/Less/Bootstrap-3-1-1/pager.less,Resources/Private/Less/Bootstrap/pager.less,Resources/Public/Less/Bootstrap/pager.less,Resources/Public/Contrib/bootstrap3/less/pager.less
Resources/Private/Less/Bootstrap-3-1-1/pagination.less,Resources/Private/Less/Bootstrap/pagination.less,Resources/Public/Less/Bootstrap/pagination.less,Resources/Public/Contrib/bootstrap3/less/pagination.less
Resources/Private/Less/Bootstrap-3-1-1/panels.less,Resources/Private/Less/Bootstrap/panels.less,Resources/Public/Less/Bootstrap/panels.less,Resources/Public/Contrib/bootstrap3/less/panels.less
Resources/Private/Less/Bootstrap-3-1-1/popovers.less,Resources/Private/Less/Bootstrap/popovers.less,Resources/Public/Less/Bootstrap/popovers.less,Resources/Public/Contrib/bootstrap3/less/popovers.less
Resources/Private/Less/Bootstrap-3-1-1/print.less,Resources/Private/Less/Bootstrap/print.less,Resources/Public/Less/Bootstrap/print.less,Resources/Public/Contrib/bootstrap3/less/print.less
Resources/Private/Less/Bootstrap-3-1-1/progress-bars.less,Resources/Private/Less/Bootstrap/progress-bars.less,Resources/Public/Less/Bootstrap/progress-bars.less,Resources/Public/Contrib/bootstrap3/less/progress-bars.less
Resources/Private/Less/Bootstrap-3-1-1/responsive-utilities.less,Resources/Private/Less/Bootstrap/responsive-utilities.less,Resources/Public/Less/Bootstrap/responsive-utilities.less,Resources/Public/Contrib/bootstrap3/less/responsive-utilities.less
Resources/Private/Less/Bootstrap-3-1-1/scaffolding.less,Resources/Private/Less/Bootstrap/scaffolding.less,Resources/Public/Less/Bootstrap/scaffolding.less,Resources/Public/Contrib/bootstrap3/less/scaffolding.less
Resources/Private/Less/Bootstrap-3-1-1/tables.less,Resources/Private/Less/Bootstrap/tables.less,Resources/Public/Less/Bootstrap/tables.less,Resources/Public/Contrib/bootstrap3/less/tables.less
Resources/Private/Less/Bootstrap-3-1-1/theme.less,Resources/Private/Less/Bootstrap/theme.less,Resources/Public/Less/Bootstrap/theme.less,Resources/Public/Contrib/bootstrap3/less/theme.less
Resources/Private/Less/Bootstrap-3-1-1/thumbnails.less,Resources/Private/Less/Bootstrap/thumbnails.less,Resources/Public/Less/Bootstrap/thumbnails.less,Resources/Public/Contrib/bootstrap3/less/thumbnails.less
Resources/Private/Less/Bootstrap-3-1-1/tooltip.less,Resources/Private/Less/Bootstrap/tooltip.less,Resources/Public/Less/Bootstrap/tooltip.less,Resources/Public/Contrib/bootstrap3/less/tooltip.less
Resources/Private/Less/Bootstrap-3-1-1/type.less,Resources/Private/Less/Bootstrap/type.less,Resources/Public/Less/Bootstrap/type.less,Resources/Public/Contrib/bootstrap3/less/type.less
Resources/Private/Less/Bootstrap-3-1-1/utilities.less,Resources/Private/Less/Bootstrap/utilities.less,Resources/Public/Less/Bootstrap/utilities.less,Resources/Public/Contrib/bootstrap3/less/utilities.less
Resources/Private/Less/Bootstrap-3-1-1/variables.less,Resources/Private/Less/Bootstrap/variables.less,Resources/Public/Less/Bootstrap/variables.less,Resources/Public/Contrib/bootstrap3/less/variables.less
Resources/Private/Less/Bootstrap-3-1-1/wells.less,Resources/Private/Less/Bootstrap/wells.less,Resources/Public/Less/Bootstrap/wells.less,Resources/Public/Contrib/bootstrap3/less/wells.less
Resources/Public/Css/theme.min.css,Resources/Public/Css/bootstrap.min.css
Contrib/less.php/lib/Less/Autoloader.php,Contrib/less.php/Autoloader.php
Contrib/less.php/lib/Less/Cache.php,Contrib/less.php/Cache.php
Contrib/less.php/lib/Less/Colors.php,Contrib/less.php/Colors.php
Contrib/less.php/lib/Less/Configurable.php,Contrib/less.php/Configurable.php
Contrib/less.php/lib/Less/Environment.php,Contrib/less.php/Environment.php
Contrib/less.php/lib/Less/Exception/Chunk.php,Contrib/less.php/Exception/Chunk.php
Contrib/less.php/lib/Less/Exception/Compiler.php,Contrib/less.php/Exception/Compiler.php
Contrib/less.php/lib/Less/Exception/Parser.php,Contrib/less.php/Exception/Parser.php
Contrib/less.php/lib/Less/Functions.php,Contrib/less.php/Functions.php
Contrib/less.php/lib/Less/Less.php.combine,Contrib/less.php/Less.php.combine
Contrib/less.php/lib/Less/Mime.php,Contrib/less.php/Mime.php
Contrib/less.php/lib/Less/Output.php,Contrib/less.php/Output.php
Contrib/less.php/lib/Less/Output/Mapped.php,Contrib/less.php/Output/Mapped.php
Contrib/less.php/lib/Less/Parser.php,Contrib/less.php/Parser.php
Contrib/less.php/lib/Less/SourceMap/Base64VLQ.php,Contrib/less.php/SourceMap/Base64VLQ.php
Contrib/less.php/lib/Less/SourceMap/Generator.php,Contrib/less.php/SourceMap/Generator.php
Contrib/less.php/lib/Less/Tree.php,Contrib/less.php/Tree.php
Contrib/less.php/lib/Less/Tree/Alpha.php,Contrib/less.php/Tree/Alpha.php
Contrib/less.php/lib/Less/Tree/Anonymous.php,Contrib/less.php/Tree/Anonymous.php
Contrib/less.php/lib/Less/Tree/Assignment.php,Contrib/less.php/Tree/Assignment.php
Contrib/less.php/lib/Less/Tree/Attribute.php,Contrib/less.php/Tree/Attribute.php
Contrib/less.php/lib/Less/Tree/Call.php,Contrib/less.php/Tree/Call.php
Contrib/less.php/lib/Less/Tree/Color.php,Contrib/less.php/Tree/Color.php
Contrib/less.php/lib/Less/Tree/Comment.php,Contrib/less.php/Tree/Comment.php
Contrib/less.php/lib/Less/Tree/Condition.php,Contrib/less.php/Tree/Condition.php
Contrib/less.php/lib/Less/Tree/DefaultFunc.php,Contrib/less.php/Tree/DefaultFunc.php
Contrib/less.php/lib/Less/Tree/DetachedRuleset.php,Contrib/less.php/Tree/DetachedRuleset.php
Contrib/less.php/lib/Less/Tree/Dimension.php,Contrib/less.php/Tree/Dimension.php
Contrib/less.php/lib/Less/Tree/Directive.php,Contrib/less.php/Tree/Directive.php
Contrib/less.php/lib/Less/Tree/Element.php,Contrib/less.php/Tree/Element.php
Contrib/less.php/lib/Less/Tree/Expression.php,Contrib/less.php/Tree/Expression.php
Contrib/less.php/lib/Less/Tree/Extend.php,Contrib/less.php/Tree/Extend.php
Contrib/less.php/lib/Less/Tree/Import.php,Contrib/less.php/Tree/Import.php
Contrib/less.php/lib/Less/Tree/Javascript.php,Contrib/less.php/Tree/Javascript.php
Contrib/less.php/lib/Less/Tree/Keyword.php,Contrib/less.php/Tree/Keyword.php
Contrib/less.php/lib/Less/Tree/Media.php,Contrib/less.php/Tree/Media.php
Contrib/less.php/lib/Less/Tree/Mixin/Call.php,Contrib/less.php/Tree/Mixin/Call.php
Contrib/less.php/lib/Less/Tree/Mixin/Definition.php,Contrib/less.php/Tree/Mixin/Definition.php
Contrib/less.php/lib/Less/Tree/NameValue.php,Contrib/less.php/Tree/NameValue.php
Contrib/less.php/lib/Less/Tree/Negative.php,Contrib/less.php/Tree/Negative.php
Contrib/less.php/lib/Less/Tree/Operation.php,Contrib/less.php/Tree/Operation.php
Contrib/less.php/lib/Less/Tree/Paren.php,Contrib/less.php/Tree/Paren.php
Contrib/less.php/lib/Less/Tree/Quoted.php,Contrib/less.php/Tree/Quoted.php
Contrib/less.php/lib/Less/Tree/Rule.php,Contrib/less.php/Tree/Rule.php
Contrib/less.php/lib/Less/Tree/Ruleset.php,Contrib/less.php/Tree/Ruleset.php
Contrib/less.php/lib/Less/Tree/RulesetCall.php,Contrib/less.php/Tree/RulesetCall.php
Contrib/less.php/lib/Less/Tree/Selector.php,Contrib/less.php/Tree/Selector.php
Contrib/less.php/lib/Less/Tree/UnicodeDescriptor.php,Contrib/less.php/Tree/UnicodeDescriptor.php
Contrib/less.php/lib/Less/Tree/Unit.php,Contrib/less.php/Tree/Unit.php
Contrib/less.php/lib/Less/Tree/UnitConversions.php,Contrib/less.php/Tree/UnitConversions.php
Contrib/less.php/lib/Less/Tree/Url.php,Contrib/less.php/Tree/Url.php
Contrib/less.php/lib/Less/Tree/Value.php,Contrib/less.php/Tree/Value.php
Contrib/less.php/lib/Less/Tree/Variable.php,Contrib/less.php/Tree/Variable.php
Contrib/less.php/lib/Less/Version.php,Contrib/less.php/Version.php
Contrib/less.php/lib/Less/Visitor.php,Contrib/less.php/Visitor.php
Contrib/less.php/lib/Less/Visitor/extendFinder.php,Contrib/less.php/Visitor/extendFinder.php
Contrib/less.php/lib/Less/Visitor/import.php,Contrib/less.php/Visitor/import.php
Contrib/less.php/lib/Less/Visitor/joinSelector.php,Contrib/less.php/Visitor/joinSelector.php
Contrib/less.php/lib/Less/Visitor/processExtends.php,Contrib/less.php/Visitor/processExtends.php
Contrib/less.php/lib/Less/Visitor/toCSS.php,Contrib/less.php/Visitor/toCSS.php
Contrib/less.php/lib/Less/VisitorReplacing.php,Contrib/less.php/VisitorReplacing.php
Configuration/PageTS/BackendLayouts/default.txt,Configuration/PageTS/Mod/WebLayout/BackendLayouts/default.txt,Configuration/TSconfig/Page/Mod/WebLayout/BackendLayouts/default.tsconfig,Configuration/TsConfig/Page/Mod/WebLayout/BackendLayouts/default.tsconfig
Configuration/PageTS/BackendLayouts/default_2_columns.txt,Configuration/PageTS/Mod/WebLayout/BackendLayouts/default_2_columns.txt,Configuration/PageTS/Mod/WebLayout/BackendLayouts/2_columns.txt,Configuration/TSconfig/Page/Mod/WebLayout/BackendLayouts/2_columns.tsconfig,Configuration/TsConfig/Page/Mod/WebLayout/BackendLayouts/2_columns.tsconfig
Configuration/PageTS/BackendLayouts/default_2_columns_offset_right.txt,Configuration/PageTS/Mod/WebLayout/BackendLayouts/default_2_columns_offset_right.txt,Configuration/PageTS/Mod/WebLayout/BackendLayouts/2_columns_offset_right.txt,Configuration/TSconfig/Page/Mod/WebLayout/BackendLayouts/2_columns_offset_right.tsconfig,Configuration/TsConfig/Page/Mod/WebLayout/BackendLayouts/2_columns_offset_right.tsconfig
Configuration/PageTS/BackendLayouts/default_3_columns.txt,Configuration/PageTS/Mod/WebLayout/BackendLayouts/default_3_columns.txt,Configuration/PageTS/Mod/WebLayout/BackendLayouts/3_columns.txt,Configuration/TSconfig/Page/Mod/WebLayout/BackendLayouts/3_columns.tsconfig,Configuration/TsConfig/Page/Mod/WebLayout/BackendLayouts/3_columns.tsconfig
Configuration/PageTS/BackendLayouts/default_subnavigation.txt,Configuration/PageTS/Mod/WebLayout/BackendLayouts/default_subnavigation.txt,Configuration/PageTS/Mod/WebLayout/BackendLayouts/default_subnavigation_left.txt,Configuration/PageTS/Mod/WebLayout/BackendLayouts/subnavigation_left.txt,Configuration/TSconfig/Page/Mod/WebLayout/BackendLayouts/subnavigation_left.tsconfig,Configuration/TsConfig/Page/Mod/WebLayout/BackendLayouts/subnavigation_left.tsconfig
Configuration/PageTS/BackendLayouts/default_subnavigation_2_columns.txt,Configuration/PageTS/Mod/WebLayout/BackendLayouts/default_subnavigation_2_columns.txt,Configuration/PageTS/Mod/WebLayout/BackendLayouts/default_subnavigation_left_2_columns.txt,Configuration/PageTS/Mod/WebLayout/BackendLayouts/subnavigation_left_2_columns.txt,Configuration/TSconfig/Page/Mod/WebLayout/BackendLayouts/subnavigation_left_2_columns.tsconfig,Configuration/TsConfig/Page/Mod/WebLayout/BackendLayouts/subnavigation_left_2_columns.tsconfig
Configuration/PageTS/BackendLayouts/special_feature.txt,Configuration/PageTS/Mod/WebLayout/BackendLayouts/special_feature.txt,Configuration/TSconfig/Page/Mod/WebLayout/BackendLayouts/special_feature.tsconfig,Configuration/TsConfig/Page/Mod/WebLayout/BackendLayouts/special_feature.tsconfig
Configuration/PageTS/BackendLayouts/special_start.txt,Configuration/PageTS/Mod/WebLayout/BackendLayouts/special_start.txt,Configuration/TSconfig/Page/Mod/WebLayout/BackendLayouts/special_start.tsconfig,Configuration/TsConfig/Page/Mod/WebLayout/BackendLayouts/special_start.tsconfig
Configuration/PageTS/mod_themes.txt,Configuration/PageTS/Mod/tx_themes.txt
Resources/Private/Templates/Page/DefaultSubNav.html,Resources/Private/Templates/Page/DefaultSubNavRight.html,Resources/Private/Templates/Page/SubnavigationRight.html
Resources/Private/Templates/Page/DefaultSubNav2Columns.html,Resources/Private/Templates/Page/DefaultSubNavRight2Columns.html,Resources/Private/Templates/Page/SubnavigationRight2Columns.html
Resources/Public/Images/BackendLayouts/default_subnavigation.gif,Resources/Public/Images/BackendLayouts/default_subnavigation_right.gif
Resources/Public/Images/BackendLayouts/default_subnavigation_2_columns.gif,Resources/Public/Images/BackendLayouts/default_subnavigation_right_2_columns.gif
Resources/Public/Css/backend.css,Resources/Public/Css/Backend/backend.css,Resources/Public/Css/Backend/backend-v6.css
Resources/Public/Css/rte.css,Resources/Public/Css/RTE/rte.css
Configuration/ContentElements/Bootstrap/Accordion.ts,Configuration/TypoScript/ContentElement/Accordion.txt,Configuration/TypoScript/ContentElement/BootstrapPackageAccordion.txt,Configuration/TypoScript/ContentElement/Accordion.txt,Configuration/TypoScript/ContentElement/Accordion.typoscript,Configuration/TypoScript/ContentElement/Elements/Accordion.typoscript,Configuration/TypoScript/ContentElement/Element/Accordion.typoscript
Configuration/ContentElements/Bootstrap/Carousel.ts,Configuration/TypoScript/ContentElement/Carousel.txt,Configuration/TypoScript/ContentElement/BootstrapPackageCarousel.txt,Configuration/TypoScript/ContentElement/Carousel.txt,Configuration/TypoScript/ContentElement/Carousel.typoscript,Configuration/TypoScript/ContentElement/Elements/Carousel.typoscript,Configuration/TypoScript/ContentElement/Element/Carousel.typoscript
Configuration/ContentElements/ExternalMedia.ts,Configuration/TypoScript/ContentElement/ExternalMedia.txt,Configuration/TypoScript/ContentElement/BootstrapPackageExternalMedia.txt,Configuration/TypoScript/ContentElement/ExternalMedia.txt,Configuration/TypoScript/ContentElement/ExternalMedia.typoscript,Configuration/TypoScript/ContentElement/Elements/ExternalMedia.typoscript,Configuration/TypoScript/ContentElement/Element/ExternalMedia.typoscript
Configuration/ContentElements/Bootstrap/ListGroup.ts,Configuration/TypoScript/ContentElement/ListGroup.txt,Configuration/TypoScript/ContentElement/BootstrapPackageListGroup.txt,Configuration/TypoScript/ContentElement/ListGroup.txt,Configuration/TypoScript/ContentElement/ListGroup.typoscript,Configuration/TypoScript/ContentElement/Elements/ListGroup.typoscript,Configuration/TypoScript/ContentElement/Element/ListGroup.typoscript
Configuration/ContentElements/Bootstrap/Panel.ts,Configuration/TypoScript/ContentElement/Panel.txt,Configuration/TypoScript/ContentElement/BootstrapPackagePanel.txt,Configuration/TypoScript/ContentElement/Panel.txt,Configuration/TypoScript/ContentElement/Panel.typoscript,Configuration/TypoScript/ContentElement/Elements/Panel.typoscript,Configuration/TypoScript/ContentElement/Element/Panel.typoscript
Configuration/ContentElements/Bootstrap/Tab.ts,Configuration/TypoScript/ContentElement/Tab.txt,Configuration/TypoScript/ContentElement/BootstrapPackageTab.txt,Configuration/TypoScript/ContentElement/Tab.txt,Configuration/TypoScript/ContentElement/Tab.typoscript,Configuration/TypoScript/ContentElement/Elements/Tab.typoscript,Configuration/TypoScript/ContentElement/Element/Tab.typoscript
Configuration/ContentElements/Bootstrap/TextIcon.ts,Configuration/TypoScript/ContentElement/TextIcon.txt,Configuration/TypoScript/ContentElement/BootstrapPackageTextIcon.txt,Configuration/TypoScript/ContentElement/Texticon.txt,Configuration/TypoScript/ContentElement/Texticon.typoscript,Configuration/TypoScript/ContentElement/Elements/Texticon.typoscript,Configuration/TypoScript/ContentElement/Element/Texticon.typoscript
Resources/Public/JavaScript/main.js,Resources/Public/JavaScript/Libs/bootstrap.lightbox.js,Resources/Public/JavaScript/Src/bootstrap.lightbox.js
Resources/Public/JavaScript/main.min.js,Resources/Public/JavaScript/Libs/bootstrap.lightbox.min.js,Resources/Public/JavaScript/Dist/bootstrap.lightbox.min.js
Resources/Private/Less/Bootstrap/.csscomb.json,Resources/Public/Less/Bootstrap/.csscomb.json
Resources/Private/Less/Bootstrap/.csslintrc,Resources/Public/Less/Bootstrap/.csslintrc
Resources/Private/Less/Bootstrap/mixins/alerts.less,Resources/Public/Less/Bootstrap/mixins/alerts.less,Resources/Public/Contrib/bootstrap3/less/mixins/alerts.less
Resources/Private/Less/Bootstrap/mixins/background-variant.less,Resources/Public/Less/Bootstrap/mixins/background-variant.less,Resources/Public/Contrib/bootstrap3/less/mixins/background-variant.less
Resources/Private/Less/Bootstrap/mixins/border-radius.less,Resources/Public/Less/Bootstrap/mixins/border-radius.less,Resources/Public/Contrib/bootstrap3/less/mixins/border-radius.less
Resources/Private/Less/Bootstrap/mixins/buttons.less,Resources/Public/Less/Bootstrap/mixins/buttons.less,Resources/Public/Contrib/bootstrap3/less/mixins/buttons.less
Resources/Private/Less/Bootstrap/mixins/center-block.less,Resources/Public/Less/Bootstrap/mixins/center-block.less,Resources/Public/Contrib/bootstrap3/less/mixins/center-block.less
Resources/Private/Less/Bootstrap/mixins/clearfix.less,Resources/Public/Less/Bootstrap/mixins/clearfix.less,Resources/Public/Contrib/bootstrap3/less/mixins/clearfix.less
Resources/Private/Less/Bootstrap/mixins/forms.less,Resources/Public/Less/Bootstrap/mixins/forms.less,Resources/Public/Contrib/bootstrap3/less/mixins/forms.less
Resources/Private/Less/Bootstrap/mixins/gradients.less,Resources/Public/Less/Bootstrap/mixins/gradients.less,Resources/Public/Contrib/bootstrap3/less/mixins/gradients.less
Resources/Private/Less/Bootstrap/mixins/grid-framework.less,Resources/Public/Less/Bootstrap/mixins/grid-framework.less,Resources/Public/Contrib/bootstrap3/less/mixins/grid-framework.less
Resources/Private/Less/Bootstrap/mixins/grid.less,Resources/Public/Less/Bootstrap/mixins/grid.less,Resources/Public/Contrib/bootstrap3/less/mixins/grid.less
Resources/Private/Less/Bootstrap/mixins/hide-text.less,Resources/Public/Less/Bootstrap/mixins/hide-text.less,Resources/Public/Contrib/bootstrap3/less/mixins/hide-text.less
Resources/Private/Less/Bootstrap/mixins/image.less,Resources/Public/Less/Bootstrap/mixins/image.less,Resources/Public/Contrib/bootstrap3/less/mixins/image.less
Resources/Private/Less/Bootstrap/mixins/labels.less,Resources/Public/Less/Bootstrap/mixins/labels.less,Resources/Public/Contrib/bootstrap3/less/mixins/labels.less
Resources/Private/Less/Bootstrap/mixins/list-group.less,Resources/Public/Less/Bootstrap/mixins/list-group.less,Resources/Public/Contrib/bootstrap3/less/mixins/list-group.less
Resources/Private/Less/Bootstrap/mixins/nav-divider.less,Resources/Public/Less/Bootstrap/mixins/nav-divider.less,Resources/Public/Contrib/bootstrap3/less/mixins/nav-divider.less
Resources/Private/Less/Bootstrap/mixins/nav-vertical-align.less,Resources/Public/Less/Bootstrap/mixins/nav-vertical-align.less,Resources/Public/Contrib/bootstrap3/less/mixins/nav-vertical-align.less
Resources/Private/Less/Bootstrap/mixins/opacity.less,Resources/Public/Less/Bootstrap/mixins/opacity.less,Resources/Public/Contrib/bootstrap3/less/mixins/opacity.less
Resources/Private/Less/Bootstrap/mixins/pagination.less,Resources/Public/Less/Bootstrap/mixins/pagination.less,Resources/Public/Contrib/bootstrap3/less/mixins/pagination.less
Resources/Private/Less/Bootstrap/mixins/panels.less,Resources/Public/Less/Bootstrap/mixins/panels.less,Resources/Public/Contrib/bootstrap3/less/mixins/panels.less
Resources/Private/Less/Bootstrap/mixins/progress-bar.less,Resources/Public/Less/Bootstrap/mixins/progress-bar.less,Resources/Public/Contrib/bootstrap3/less/mixins/progress-bar.less
Resources/Private/Less/Bootstrap/mixins/reset-filter.less,Resources/Public/Less/Bootstrap/mixins/reset-filter.less,Resources/Public/Contrib/bootstrap3/less/mixins/reset-filter.less
Resources/Private/Less/Bootstrap/mixins/resize.less,Resources/Public/Less/Bootstrap/mixins/resize.less,Resources/Public/Contrib/bootstrap3/less/mixins/resize.less
Resources/Private/Less/Bootstrap/mixins/responsive-visibility.less,Resources/Public/Less/Bootstrap/mixins/responsive-visibility.less,Resources/Public/Contrib/bootstrap3/less/mixins/responsive-visibility.less
Resources/Private/Less/Bootstrap/mixins/size.less,Resources/Public/Less/Bootstrap/mixins/size.less,Resources/Public/Contrib/bootstrap3/less/mixins/size.less
Resources/Private/Less/Bootstrap/mixins/tab-focus.less,Resources/Public/Less/Bootstrap/mixins/tab-focus.less,Resources/Public/Contrib/bootstrap3/less/mixins/tab-focus.less
Resources/Private/Less/Bootstrap/mixins/table-row.less,Resources/Public/Less/Bootstrap/mixins/table-row.less,Resources/Public/Contrib/bootstrap3/less/mixins/table-row.less
Resources/Private/Less/Bootstrap/mixins/text-emphasis.less,Resources/Public/Less/Bootstrap/mixins/text-emphasis.less,Resources/Public/Contrib/bootstrap3/less/mixins/text-emphasis.less
Resources/Private/Less/Bootstrap/mixins/text-overflow.less,Resources/Public/Less/Bootstrap/mixins/text-overflow.less,Resources/Public/Contrib/bootstrap3/less/mixins/text-overflow.less
Resources/Private/Less/Bootstrap/mixins/vendor-prefixes.less,Resources/Public/Less/Bootstrap/mixins/vendor-prefixes.less,Resources/Public/Contrib/bootstrap3/less/mixins/vendor-prefixes.less
Resources/Private/Less/Bootstrap/responsive-embed.less,Resources/Public/Less/Bootstrap/responsive-embed.less,Resources/Public/Contrib/bootstrap3/less/responsive-embed.less
Resources/Private/Less/Theme/breadcrumb.less,Resources/Public/Less/Theme/breadcrumb.less
Resources/Private/Less/Theme/caption.less,Resources/Public/Less/Theme/caption.less
Resources/Private/Less/Theme/carousel.less,Resources/Public/Less/Theme/carousel.less
Resources/Private/Less/Theme/dropdown.less,Resources/Public/Less/Theme/dropdown.less
Resources/Private/Less/Theme/fixes.less,Resources/Public/Less/Theme/fixes.less
Resources/Private/Less/Theme/footer.less,Resources/Public/Less/Theme/footer.less
Resources/Private/Less/Theme/frame.less,Resources/Public/Less/Theme/frame.less
Resources/Private/Less/Theme/image.less,Resources/Public/Less/Theme/image.less
Resources/Private/Less/Theme/lightbox.less,Resources/Public/Less/Theme/lightbox.less
Resources/Private/Less/Theme/meta.less,Resources/Public/Less/Theme/meta.less
Resources/Private/Less/Theme/misc.less,Resources/Public/Less/Theme/misc.less
Resources/Private/Less/Theme/navbar.less,Resources/Public/Less/Theme/navbar.less
Resources/Private/Less/Theme/navs.less,Resources/Public/Less/Theme/navs.less
Resources/Private/Less/Theme/news.less,Resources/Public/Less/Theme/news.less
Resources/Private/Less/Theme/scaffolding.less,Resources/Public/Less/Theme/scaffolding.less
Resources/Private/Less/Theme/text.less,Resources/Public/Less/Theme/text.less
Resources/Private/Less/Theme/texticon.less,Resources/Public/Less/Theme/texticon.less
Resources/Private/Less/Theme/theme.less,Resources/Public/Less/Theme/theme.less
Resources/Private/Less/Theme/typo3_form.less,Resources/Public/Less/Theme/typo3_form.less
Resources/Private/Less/Theme/typo3_frontend_editing.less,Resources/Public/Less/Theme/typo3_frontend_editing.less
Resources/Private/Less/Theme/variables.less,Resources/Public/Less/Theme/variables.less
Resources/Private/Less/Theme/webfont.less,Resources/Public/Less/Theme/webfont.less
Classes/Utility/TemplateFileResolver.php,Classes/UserFunc/TemplateFileResolver.php
Documentation/AdministratorManual/ResponsiveImages/index.rst,Documentation/AdministratorManual/ResponsiveImages/Index.rst
Documentation/AdministratorManual/Migration/Index.rst,Documentation/AdministratorManual/Migration/6-2-11.rst
Configuration/PageTS/Mod/web_layout.txt,Configuration/PageTS/Mod/WebLayout/BackendLayouts.txt,Configuration/TSconfig/Page/Mod/WebLayout/BackendLayouts.tsconfig,Configuration/TsConfig/Page/Mod/WebLayout/BackendLayouts.tsconfig
Configuration/ContentElements/Base.ts,Configuration/TypoScript/ContentElement/CssStyledContent.txt
Configuration/TypoScript/Helper/DynamicContent.ts,Configuration/TypoScript/Helper/DynamicContent.txt,Configuration/TypoScript/Helper/DynamicContent.typoscript,Configuration/TypoScript/ContentElement/Helper/DynamicContent.typoscript
Resources/Private/Templates/ContentElements/Bootstrap/Accordion.html,Resources/Private/Templates/ContentElements/BootstrapPackageAccordion.html,Resources/Private/Templates/ContentElements/Accordion.html
Resources/Private/Templates/ContentElements/Bootstrap/Carousel.html,Resources/Private/Templates/ContentElements/BootstrapPackageCarousel.html,Resources/Private/Templates/ContentElements/Carousel.html
Resources/Private/Templates/ContentElements/ExternalMedia.html,Resources/Private/Templates/ContentElements/BootstrapPackageExternalMedia.html,Resources/Private/Templates/ContentElements/ExternalMedia.html
Resources/Private/Templates/ContentElements/Bootstrap/ListGroup.html,Resources/Private/Templates/ContentElements/BootstrapPackageListGroup.html,Resources/Private/Templates/ContentElements/ListGroup.html
Resources/Private/Templates/ContentElements/Bootstrap/Panel.html,Resources/Private/Templates/ContentElements/BootstrapPackagePanel.html,Resources/Private/Templates/ContentElements/Panel.html
Resources/Private/Templates/ContentElements/Bootstrap/Tab.html,Resources/Private/Templates/ContentElements/BootstrapPackageTab.html,Resources/Private/Templates/ContentElements/Tab.html
Resources/Private/Templates/Preview/ExternalMedia.html,Resources/Private/Templates/Preview/BootstrapPackageExternalMedia.html,Resources/Private/Templates/Preview/ExternalMedia.html
Resources/Private/Templates/Preview/ListGroup.html,Resources/Private/Templates/Preview/BootstrapPackageListGroup.html,Resources/Private/Templates/Preview/ListGroup.html
Resources/Private/Templates/ContentElements/TextpicInTextLeft.html,Resources/Private/Templates/ContentElements/TextpicLeft.html
Resources/Private/Templates/ContentElements/TextpicBelowCenter.html,Resources/Private/Templates/ContentElements/TextpicRight.html
Resources/Public/JavaScript/Libs/bootstrap.navbartoggle.min.js,Resources/Public/JavaScript/Dist/bootstrap.navbartoggle.min.js
Resources/Public/JavaScript/Libs/bootstrap.swipe.min.js,Resources/Public/JavaScript/Dist/bootstrap.swipe.min.js
Resources/Public/JavaScript/Libs/jquery.responsiveimages.min.js,Resources/Public/JavaScript/Dist/jquery.responsiveimages.min.js
Resources/Public/JavaScript/Libs/windowsphone-viewportfix.min.js,Resources/Public/JavaScript/Dist/windowsphone-viewportfix.min.js
Resources/Public/JavaScript/Libs/bootstrap.navbartoggle.js,Resources/Public/JavaScript/Src/bootstrap.navbartoggle.js
Resources/Public/JavaScript/Libs/bootstrap.swipe.js,Resources/Public/JavaScript/Src/bootstrap.swipe.js
Resources/Public/JavaScript/Libs/jquery.responsiveimages.js,Resources/Public/JavaScript/Src/jquery.responsiveimages.js
Resources/Public/JavaScript/Libs/windowsphone-viewportfix.js,Resources/Public/JavaScript/Src/windowsphone-viewportfix.js
Classes/Hooks/PageRendererRender/PreProcessHook.php,Classes/Hooks/PageRenderer/PreProcessHook.php
Resources/Public/Images/Icons/icon-shapes_0067_adjust.jpg,Resources/Public/Images/Icons/Glyphicons/adjust.jpg
Resources/Public/Images/Icons/icon-shapes_0058_align-center.jpg,Resources/Public/Images/Icons/Glyphicons/align-center.jpg
Resources/Public/Images/Icons/icon-shapes_0060_align-justify.jpg,Resources/Public/Images/Icons/Glyphicons/align-justify.jpg
Resources/Public/Images/Icons/icon-shapes_0057_align-left.jpg,Resources/Public/Images/Icons/Glyphicons/align-left.jpg
Resources/Public/Images/Icons/icon-shapes_0059_align-right.jpg,Resources/Public/Images/Icons/Glyphicons/align-right.jpg
Resources/Public/Images/Icons/icon-shapes_0098_arrow-down.jpg,Resources/Public/Images/Icons/Glyphicons/arrow-down.jpg
Resources/Public/Images/Icons/icon-shapes_0095_arrow-left.jpg,Resources/Public/Images/Icons/Glyphicons/arrow-left.jpg
Resources/Public/Images/Icons/icon-shapes_0096_arrow-right.jpg,Resources/Public/Images/Icons/Glyphicons/arrow-right.jpg
Resources/Public/Images/Icons/icon-shapes_0097_arrow-up.jpg,Resources/Public/Images/Icons/Glyphicons/arrow-up.jpg
Resources/Public/Images/Icons/icon-shapes_0000_asterisk.jpg,Resources/Public/Images/Icons/Glyphicons/asterisk.jpg
Resources/Public/Images/Icons/icon-shapes_0075_backward.jpg,Resources/Public/Images/Icons/Glyphicons/backward.jpg
Resources/Public/Images/Icons/icon-shapes_0094_ban-circle.jpg,Resources/Public/Images/Icons/Glyphicons/ban-circle.jpg
Resources/Public/Images/Icons/icon-shapes_0045_barcode.jpg,Resources/Public/Images/Icons/Glyphicons/barcode.jpg
Resources/Public/Images/Icons/icon-shapes_0124_bell.jpg,Resources/Public/Images/Icons/Glyphicons/bell.jpg
Resources/Public/Images/Icons/icon-shapes_0053_bold.jpg,Resources/Public/Images/Icons/Glyphicons/bold.jpg
Resources/Public/Images/Icons/icon-shapes_0048_book.jpg,Resources/Public/Images/Icons/Glyphicons/book.jpg
Resources/Public/Images/Icons/icon-shapes_0049_bookmark.jpg,Resources/Public/Images/Icons/Glyphicons/bookmark.jpg
Resources/Public/Images/Icons/icon-shapes_0140_briefcase.jpg,Resources/Public/Images/Icons/Glyphicons/briefcase.jpg
Resources/Public/Images/Icons/icon-shapes_0123_bullhorn.jpg,Resources/Public/Images/Icons/Glyphicons/bullhorn.jpg
Resources/Public/Images/Icons/icon-shapes_0110_calendar.jpg,Resources/Public/Images/Icons/Glyphicons/calendar.jpg
Resources/Public/Images/Icons/icon-shapes_0051_camera.jpg,Resources/Public/Images/Icons/Glyphicons/camera.jpg
Resources/Public/Images/Icons/icon-shapes_0125_certificate.jpg,Resources/Public/Images/Icons/Glyphicons/certificate.jpg
Resources/Public/Images/Icons/icon-shapes_0071_check.jpg,Resources/Public/Images/Icons/Glyphicons/check.jpg
Resources/Public/Images/Icons/icon-shapes_0115_chevron-down.jpg,Resources/Public/Images/Icons/Glyphicons/chevron-down.jpg
Resources/Public/Images/Icons/icon-shapes_0083_chevron-left.jpg,Resources/Public/Images/Icons/Glyphicons/chevron-left.jpg
Resources/Public/Images/Icons/icon-shapes_0084_chevron-right.jpg,Resources/Public/Images/Icons/Glyphicons/chevron-right.jpg
Resources/Public/Images/Icons/icon-shapes_0114_chevron-up.jpg,Resources/Public/Images/Icons/Glyphicons/chevron-up.jpg
Resources/Public/Images/Icons/icon-shapes_0135_circle-arrow-down.jpg,Resources/Public/Images/Icons/Glyphicons/circle-arrow-down.jpg
Resources/Public/Images/Icons/icon-shapes_0133_circle-arrow-left.jpg,Resources/Public/Images/Icons/Glyphicons/circle-arrow-left.jpg
Resources/Public/Images/Icons/icon-shapes_0132_circle-arrow-right.jpg,Resources/Public/Images/Icons/Glyphicons/circle-arrow-right.jpg
Resources/Public/Images/Icons/icon-shapes_0134_circle-arrow-up.jpg,Resources/Public/Images/Icons/Glyphicons/circle-arrow-up.jpg
Resources/Public/Images/Icons/icon-shapes_0196_cloud-download.jpg,Resources/Public/Images/Icons/Glyphicons/cloud-download.jpg
Resources/Public/Images/Icons/icon-shapes_0197_cloud-upload.jpg,Resources/Public/Images/Icons/Glyphicons/cloud-upload.jpg
Resources/Public/Images/Icons/icon-shapes_0004_cloud.jpg,Resources/Public/Images/Icons/Glyphicons/cloud.jpg
Resources/Public/Images/Icons/icon-shapes_0024_cog.jpg,Resources/Public/Images/Icons/Glyphicons/cog.jpg
Resources/Public/Images/Icons/icon-shapes_0159_collapse-down.jpg,Resources/Public/Images/Icons/Glyphicons/collapse-down.jpg
Resources/Public/Images/Icons/icon-shapes_0160_collapse-up.jpg,Resources/Public/Images/Icons/Glyphicons/collapse-up.jpg
Resources/Public/Images/Icons/icon-shapes_0112_comment.jpg,Resources/Public/Images/Icons/Glyphicons/comment.jpg
Resources/Public/Images/Icons/icon-shapes_0181_compressed.jpg,Resources/Public/Images/Icons/Glyphicons/compressed.jpg
Resources/Public/Images/Icons/icon-shapes_0194_copyright-mark.jpg,Resources/Public/Images/Icons/Glyphicons/copyright-mark.jpg
Resources/Public/Images/Icons/icon-shapes_0177_credit-card.jpg,Resources/Public/Images/Icons/Glyphicons/credit-card.jpg
Resources/Public/Images/Icons/icon-shapes_0179_cutlery.jpg,Resources/Public/Images/Icons/Glyphicons/cutlery.jpg
Resources/Public/Images/Icons/icon-shapes_0142_dashboard.jpg,Resources/Public/Images/Icons/Glyphicons/dashboard.jpg
Resources/Public/Images/Icons/icon-shapes_0030_download-alt.jpg,Resources/Public/Images/Icons/Glyphicons/download-alt.jpg
Resources/Public/Images/Icons/icon-shapes_0031_download.jpg,Resources/Public/Images/Icons/Glyphicons/download.jpg
Resources/Public/Images/Icons/icon-shapes_0182_earphone.jpg,Resources/Public/Images/Icons/Glyphicons/earphone.jpg
Resources/Public/Images/Icons/icon-shapes_0069_edit.jpg,Resources/Public/Images/Icons/Glyphicons/edit.jpg
Resources/Public/Images/Icons/icon-shapes_0082_eject.jpg,Resources/Public/Images/Icons/Glyphicons/eject.jpg
Resources/Public/Images/Icons/icon-shapes_0005_envelope.jpg,Resources/Public/Images/Icons/Glyphicons/envelope.jpg
Resources/Public/Images/Icons/icon-shapes_0002_euro.jpg,Resources/Public/Images/Icons/Glyphicons/euro.jpg
Resources/Public/Images/Icons/icon-shapes_0102_exclamation-sign.jpg,Resources/Public/Images/Icons/Glyphicons/exclamation-sign.jpg
Resources/Public/Images/Icons/icon-shapes_0158_expand.jpg,Resources/Public/Images/Icons/Glyphicons/expand.jpg
Resources/Public/Images/Icons/icon-shapes_0170_export.jpg,Resources/Public/Images/Icons/Glyphicons/export.jpg
Resources/Public/Images/Icons/icon-shapes_0107_eye-close.jpg,Resources/Public/Images/Icons/Glyphicons/eye-close.jpg
Resources/Public/Images/Icons/icon-shapes_0106_eye-open.jpg,Resources/Public/Images/Icons/Glyphicons/eye-open.jpg
Resources/Public/Images/Icons/icon-shapes_0064_facetime-video.jpg,Resources/Public/Images/Icons/Glyphicons/facetime-video.jpg
Resources/Public/Images/Icons/icon-shapes_0074_fast-backward.jpg,Resources/Public/Images/Icons/Glyphicons/fast-backward.jpg
Resources/Public/Images/Icons/icon-shapes_0080_fast-forward.jpg,Resources/Public/Images/Icons/Glyphicons/fast-forward.jpg
Resources/Public/Images/Icons/icon-shapes_0027_file.jpg,Resources/Public/Images/Icons/Glyphicons/file.jpg
Resources/Public/Images/Icons/icon-shapes_0014_film.jpg,Resources/Public/Images/Icons/Glyphicons/film.jpg
Resources/Public/Images/Icons/icon-shapes_0139_filter.jpg,Resources/Public/Images/Icons/Glyphicons/filter.jpg
Resources/Public/Images/Icons/icon-shapes_0105_fire.jpg,Resources/Public/Images/Icons/Glyphicons/fire.jpg
Resources/Public/Images/Icons/icon-shapes_0039_flag.jpg,Resources/Public/Images/Icons/Glyphicons/flag.jpg
Resources/Public/Images/Icons/icon-shapes_0162_flash.jpg,Resources/Public/Images/Icons/Glyphicons/flash.jpg
Resources/Public/Images/Icons/icon-shapes_0172_floppy-disk.jpg,Resources/Public/Images/Icons/Glyphicons/floppy-disk.jpg
Resources/Public/Images/Icons/icon-shapes_0176_floppy-open.jpg,Resources/Public/Images/Icons/Glyphicons/floppy-open.jpg
Resources/Public/Images/Icons/icon-shapes_0174_floppy-remove.jpg,Resources/Public/Images/Icons/Glyphicons/floppy-remove.jpg
Resources/Public/Images/Icons/icon-shapes_0175_floppy-save.jpg,Resources/Public/Images/Icons/Glyphicons/floppy-save.jpg
Resources/Public/Images/Icons/icon-shapes_0173_floppy-saved.jpg,Resources/Public/Images/Icons/Glyphicons/floppy-saved.jpg
Resources/Public/Images/Icons/icon-shapes_0118_folder-close.jpg,Resources/Public/Images/Icons/Glyphicons/folder-close.jpg
Resources/Public/Images/Icons/icon-shapes_0119_folder-open.jpg,Resources/Public/Images/Icons/Glyphicons/folder-open.jpg
Resources/Public/Images/Icons/icon-shapes_0052_font.jpg,Resources/Public/Images/Icons/Glyphicons/font.jpg
Resources/Public/Images/Icons/icon-shapes_0079_forward.jpg,Resources/Public/Images/Icons/Glyphicons/forward.jpg
Resources/Public/Images/Icons/icon-shapes_0141_fullscreen.jpg,Resources/Public/Images/Icons/Glyphicons/fullscreen.jpg
Resources/Public/Images/Icons/icon-shapes_0149_gbp.jpg,Resources/Public/Images/Icons/Glyphicons/gbp.jpg
Resources/Public/Images/Icons/icon-shapes_0103_gift.jpg,Resources/Public/Images/Icons/Glyphicons/gift.jpg
Resources/Public/Images/Icons/icon-shapes_0007_glass.jpg,Resources/Public/Images/Icons/Glyphicons/glass.jpg
Resources/Public/Images/Icons/icon-shapes_0136_globe.jpg,Resources/Public/Images/Icons/Glyphicons/globe.jpg
Resources/Public/Images/Icons/icon-shapes_0131_hand-down.jpg,Resources/Public/Images/Icons/Glyphicons/hand-down.jpg
Resources/Public/Images/Icons/icon-shapes_0129_hand-left.jpg,Resources/Public/Images/Icons/Glyphicons/hand-left.jpg
Resources/Public/Images/Icons/icon-shapes_0128_hand-right.jpg,Resources/Public/Images/Icons/Glyphicons/hand-right.jpg
Resources/Public/Images/Icons/icon-shapes_0130_hand-up.jpg,Resources/Public/Images/Icons/Glyphicons/hand-up.jpg
Resources/Public/Images/Icons/icon-shapes_0187_hd-video.jpg,Resources/Public/Images/Icons/Glyphicons/hd-video.jpg
Resources/Public/Images/Icons/icon-shapes_0122_hdd.jpg,Resources/Public/Images/Icons/Glyphicons/hdd.jpg
Resources/Public/Images/Icons/icon-shapes_0180_header.jpg,Resources/Public/Images/Icons/Glyphicons/header.jpg
Resources/Public/Images/Icons/icon-shapes_0040_headphones.jpg,Resources/Public/Images/Icons/Glyphicons/headphones.jpg
Resources/Public/Images/Icons/icon-shapes_0144_heart-empty.jpg,Resources/Public/Images/Icons/Glyphicons/heart-empty.jpg
Resources/Public/Images/Icons/icon-shapes_0010_heart.jpg,Resources/Public/Images/Icons/Glyphicons/heart.jpg
Resources/Public/Images/Icons/icon-shapes_0026_home.jpg,Resources/Public/Images/Icons/Glyphicons/home.jpg
Resources/Public/Images/Icons/icon-shapes_0169_import.jpg,Resources/Public/Images/Icons/Glyphicons/import.jpg
Resources/Public/Images/Icons/icon-shapes_0033_inbox.jpg,Resources/Public/Images/Icons/Glyphicons/inbox.jpg
Resources/Public/Images/Icons/icon-shapes_0062_indent-left.jpg,Resources/Public/Images/Icons/Glyphicons/indent-left.jpg
Resources/Public/Images/Icons/icon-shapes_0063_indent-right.jpg,Resources/Public/Images/Icons/Glyphicons/indent-right.jpg
Resources/Public/Images/Icons/icon-shapes_0090_info-sign.jpg,Resources/Public/Images/Icons/Glyphicons/info-sign.jpg
Resources/Public/Images/Icons/icon-shapes_0054_italic.jpg,Resources/Public/Images/Icons/Glyphicons/italic.jpg
Resources/Public/Images/Icons/icon-shapes_0104_leaf.jpg,Resources/Public/Images/Icons/Glyphicons/leaf.jpg
Resources/Public/Images/Icons/icon-shapes_0145_link.jpg,Resources/Public/Images/Icons/Glyphicons/link.jpg
Resources/Public/Images/Icons/icon-shapes_0037_list-alt.jpg,Resources/Public/Images/Icons/Glyphicons/list-alt.jpg
Resources/Public/Images/Icons/icon-shapes_0061_list.jpg,Resources/Public/Images/Icons/Glyphicons/list.jpg
Resources/Public/Images/Icons/icon-shapes_0038_lock.jpg,Resources/Public/Images/Icons/Glyphicons/lock.jpg
Resources/Public/Images/Icons/icon-shapes_0161_log-in.jpg,Resources/Public/Images/Icons/Glyphicons/log-in.jpg
Resources/Public/Images/Icons/icon-shapes_0163_log-out.jpg,Resources/Public/Images/Icons/Glyphicons/log-out.jpg
Resources/Public/Images/Icons/icon-shapes_0113_magnet.jpg,Resources/Public/Images/Icons/Glyphicons/magnet.jpg
Resources/Public/Images/Icons/icon-shapes_0066_map-marker.jpg,Resources/Public/Images/Icons/Glyphicons/map-marker.jpg
Resources/Public/Images/Icons/icon-shapes_0086_minus-sign.jpg,Resources/Public/Images/Icons/Glyphicons/minus-sign.jpg
Resources/Public/Images/Icons/icon-shapes_0003_minus.jpg,Resources/Public/Images/Icons/Glyphicons/minus.jpg
Resources/Public/Images/Icons/icon-shapes_0072_move.jpg,Resources/Public/Images/Icons/Glyphicons/move.jpg
Resources/Public/Images/Icons/icon-shapes_0008_music.jpg,Resources/Public/Images/Icons/Glyphicons/music.jpg
Resources/Public/Images/Icons/icon-shapes_0164_new-window.jpg,Resources/Public/Images/Icons/Glyphicons/new-window.jpg
Resources/Public/Images/Icons/icon-shapes_0022_off.jpg,Resources/Public/Images/Icons/Glyphicons/off.jpg
Resources/Public/Images/Icons/icon-shapes_0093_ok-circle.jpg,Resources/Public/Images/Icons/Glyphicons/ok-circle.jpg
Resources/Public/Images/Icons/icon-shapes_0088_ok-sign.jpg,Resources/Public/Images/Icons/Glyphicons/ok-sign.jpg
Resources/Public/Images/Icons/icon-shapes_0018_ok.jpg,Resources/Public/Images/Icons/Glyphicons/ok.jpg
Resources/Public/Images/Icons/icon-shapes_0167_open.jpg,Resources/Public/Images/Icons/Glyphicons/open.jpg
Resources/Public/Images/Icons/icon-shapes_0143_paperclip.jpg,Resources/Public/Images/Icons/Glyphicons/paperclip.jpg
Resources/Public/Images/Icons/icon-shapes_0077_pause.jpg,Resources/Public/Images/Icons/Glyphicons/pause.jpg
Resources/Public/Images/Icons/icon-shapes_0006_pencil.jpg,Resources/Public/Images/Icons/Glyphicons/pencil.jpg
Resources/Public/Images/Icons/icon-shapes_0183_phone-alt.jpg,Resources/Public/Images/Icons/Glyphicons/phone-alt.jpg
Resources/Public/Images/Icons/icon-shapes_0146_phone.jpg,Resources/Public/Images/Icons/Glyphicons/phone.jpg
Resources/Public/Images/Icons/icon-shapes_0065_picture.jpg,Resources/Public/Images/Icons/Glyphicons/picture.jpg
Resources/Public/Images/Icons/icon-shapes_0109_plane.jpg,Resources/Public/Images/Icons/Glyphicons/plane.jpg
Resources/Public/Images/Icons/icon-shapes_0034_play-circle.jpg,Resources/Public/Images/Icons/Glyphicons/play-circle.jpg
Resources/Public/Images/Icons/icon-shapes_0076_play.jpg,Resources/Public/Images/Icons/Glyphicons/play.jpg
Resources/Public/Images/Icons/icon-shapes_0085_plus-sign.jpg,Resources/Public/Images/Icons/Glyphicons/plus-sign.jpg
Resources/Public/Images/Icons/icon-shapes_0001_plus.jpg,Resources/Public/Images/Icons/Glyphicons/plus.jpg
Resources/Public/Images/Icons/icon-shapes_0050_print.jpg,Resources/Public/Images/Icons/Glyphicons/print.jpg
Resources/Public/Images/Icons/icon-shapes_0147_pushpin.jpg,Resources/Public/Images/Icons/Glyphicons/pushpin.jpg
Resources/Public/Images/Icons/icon-shapes_0044_qrcode.jpg,Resources/Public/Images/Icons/Glyphicons/qrcode.jpg
Resources/Public/Images/Icons/icon-shapes_0089_question-sign.jpg,Resources/Public/Images/Icons/Glyphicons/question-sign.jpg
Resources/Public/Images/Icons/icon-shapes_0111_random.jpg,Resources/Public/Images/Icons/Glyphicons/random.jpg
Resources/Public/Images/Icons/icon-shapes_0165_record.jpg,Resources/Public/Images/Icons/Glyphicons/record.jpg
Resources/Public/Images/Icons/icon-shapes_0036_refresh.jpg,Resources/Public/Images/Icons/Glyphicons/refresh.jpg
Resources/Public/Images/Icons/icon-shapes_0195_registration-mark.jpg,Resources/Public/Images/Icons/Glyphicons/registration-mark.jpg
Resources/Public/Images/Icons/icon-shapes_0092_remove-circle.jpg,Resources/Public/Images/Icons/Glyphicons/remove-circle.jpg
Resources/Public/Images/Icons/icon-shapes_0087_remove-sign.jpg,Resources/Public/Images/Icons/Glyphicons/remove-sign.jpg
Resources/Public/Images/Icons/icon-shapes_0019_remove.jpg,Resources/Public/Images/Icons/Glyphicons/remove.jpg
Resources/Public/Images/Icons/icon-shapes_0035_repeat.jpg,Resources/Public/Images/Icons/Glyphicons/repeat.jpg
Resources/Public/Images/Icons/icon-shapes_0100_resize-full.jpg,Resources/Public/Images/Icons/Glyphicons/resize-full.jpg
Resources/Public/Images/Icons/icon-shapes_0121_resize-horizontal.jpg,Resources/Public/Images/Icons/Glyphicons/resize-horizontal.jpg
Resources/Public/Images/Icons/icon-shapes_0101_resize-small.jpg,Resources/Public/Images/Icons/Glyphicons/resize-small.jpg
Resources/Public/Images/Icons/icon-shapes_0120_resize-vertical.jpg,Resources/Public/Images/Icons/Glyphicons/resize-vertical.jpg
Resources/Public/Images/Icons/icon-shapes_0116_retweet.jpg,Resources/Public/Images/Icons/Glyphicons/retweet.jpg
Resources/Public/Images/Icons/icon-shapes_0029_road.jpg,Resources/Public/Images/Icons/Glyphicons/road.jpg
Resources/Public/Images/Icons/icon-shapes_0166_save.jpg,Resources/Public/Images/Icons/Glyphicons/save.jpg
Resources/Public/Images/Icons/icon-shapes_0168_saved.jpg,Resources/Public/Images/Icons/Glyphicons/saved.jpg
Resources/Public/Images/Icons/icon-shapes_0091_screenshot.jpg,Resources/Public/Images/Icons/Glyphicons/screenshot.jpg
Resources/Public/Images/Icons/icon-shapes_0186_sd-video.jpg,Resources/Public/Images/Icons/Glyphicons/sd-video.jpg
Resources/Public/Images/Icons/icon-shapes_0009_search.jpg,Resources/Public/Images/Icons/Glyphicons/search.jpg
Resources/Public/Images/Icons/icon-shapes_0171_send.jpg,Resources/Public/Images/Icons/Glyphicons/send.jpg
Resources/Public/Images/Icons/icon-shapes_0099_share-alt.jpg,Resources/Public/Images/Icons/Glyphicons/share-alt.jpg
Resources/Public/Images/Icons/icon-shapes_0070_share.jpg,Resources/Public/Images/Icons/Glyphicons/share.jpg
Resources/Public/Images/Icons/icon-shapes_0117_shopping-cart.jpg,Resources/Public/Images/Icons/Glyphicons/shopping-cart.jpg
Resources/Public/Images/Icons/icon-shapes_0023_signal.jpg,Resources/Public/Images/Icons/Glyphicons/signal.jpg
Resources/Public/Images/Icons/icon-shapes_0152_sort-by-alphabet-alt.jpg,Resources/Public/Images/Icons/Glyphicons/sort-by-alphabet-alt.jpg
Resources/Public/Images/Icons/icon-shapes_0151_sort-by-alphabet.jpg,Resources/Public/Images/Icons/Glyphicons/sort-by-alphabet.jpg
Resources/Public/Images/Icons/icon-shapes_0156_sort-by-attributes-alt.jpg,Resources/Public/Images/Icons/Glyphicons/sort-by-attributes-alt.jpg
Resources/Public/Images/Icons/icon-shapes_0155_sort-by-attributes.jpg,Resources/Public/Images/Icons/Glyphicons/sort-by-attributes.jpg
Resources/Public/Images/Icons/icon-shapes_0154_sort-by-order-alt.jpg,Resources/Public/Images/Icons/Glyphicons/sort-by-order-alt.jpg
Resources/Public/Images/Icons/icon-shapes_0153_sort-by-order.jpg,Resources/Public/Images/Icons/Glyphicons/sort-by-order.jpg
Resources/Public/Images/Icons/icon-shapes_0150_sort.jpg,Resources/Public/Images/Icons/Glyphicons/sort.jpg
Resources/Public/Images/Icons/icon-shapes_0191_sound-5-1.jpg,Resources/Public/Images/Icons/Glyphicons/sound-5-1.jpg
Resources/Public/Images/Icons/icon-shapes_0192_sound-6-1.jpg,Resources/Public/Images/Icons/Glyphicons/sound-6-1.jpg
Resources/Public/Images/Icons/icon-shapes_0193_sound-7-1.jpg,Resources/Public/Images/Icons/Glyphicons/sound-7-1.jpg
Resources/Public/Images/Icons/icon-shapes_0190_sound-dolby.jpg,Resources/Public/Images/Icons/Glyphicons/sound-dolby.jpg
Resources/Public/Images/Icons/icon-shapes_0189_sound-stereo.jpg,Resources/Public/Images/Icons/Glyphicons/sound-stereo.jpg
Resources/Public/Images/Icons/icon-shapes_0012_star-empty.jpg,Resources/Public/Images/Icons/Glyphicons/star-empty.jpg
Resources/Public/Images/Icons/icon-shapes_0011_star.jpg,Resources/Public/Images/Icons/Glyphicons/star.jpg
Resources/Public/Images/Icons/icon-shapes_0185_stats.jpg,Resources/Public/Images/Icons/Glyphicons/stats.jpg
Resources/Public/Images/Icons/icon-shapes_0073_step-backward.jpg,Resources/Public/Images/Icons/Glyphicons/step-backward.jpg
Resources/Public/Images/Icons/icon-shapes_0081_step-forward.jpg,Resources/Public/Images/Icons/Glyphicons/step-forward.jpg
Resources/Public/Images/Icons/icon-shapes_0078_stop.jpg,Resources/Public/Images/Icons/Glyphicons/stop.jpg
Resources/Public/Images/Icons/icon-shapes_0188_subtitles.jpg,Resources/Public/Images/Icons/Glyphicons/subtitles.jpg
Resources/Public/Images/Icons/icon-shapes_0046_tag.jpg,Resources/Public/Images/Icons/Glyphicons/tag.jpg
Resources/Public/Images/Icons/icon-shapes_0047_tags.jpg,Resources/Public/Images/Icons/Glyphicons/tags.jpg
Resources/Public/Images/Icons/icon-shapes_0138_tasks.jpg,Resources/Public/Images/Icons/Glyphicons/tasks.jpg
Resources/Public/Images/Icons/icon-shapes_0055_text-height.jpg,Resources/Public/Images/Icons/Glyphicons/text-height.jpg
Resources/Public/Images/Icons/icon-shapes_0056_text-width.jpg,Resources/Public/Images/Icons/Glyphicons/text-width.jpg
Resources/Public/Images/Icons/icon-shapes_0015_th-large.jpg,Resources/Public/Images/Icons/Glyphicons/th-large.jpg
Resources/Public/Images/Icons/icon-shapes_0017_th-list.jpg,Resources/Public/Images/Icons/Glyphicons/th-list.jpg
Resources/Public/Images/Icons/icon-shapes_0016_th.jpg,Resources/Public/Images/Icons/Glyphicons/th.jpg
Resources/Public/Images/Icons/icon-shapes_0127_thumbs-down.jpg,Resources/Public/Images/Icons/Glyphicons/thumbs-down.jpg
Resources/Public/Images/Icons/icon-shapes_0126_thumbs-up.jpg,Resources/Public/Images/Icons/Glyphicons/thumbs-up.jpg
Resources/Public/Images/Icons/icon-shapes_0028_time.jpg,Resources/Public/Images/Icons/Glyphicons/time.jpg
Resources/Public/Images/Icons/icon-shapes_0068_tint.jpg,Resources/Public/Images/Icons/Glyphicons/tint.jpg
Resources/Public/Images/Icons/icon-shapes_0184_tower.jpg,Resources/Public/Images/Icons/Glyphicons/tower.jpg
Resources/Public/Images/Icons/icon-shapes_0178_transfer.jpg,Resources/Public/Images/Icons/Glyphicons/transfer.jpg
Resources/Public/Images/Icons/icon-shapes_0025_trash.jpg,Resources/Public/Images/Icons/Glyphicons/trash.jpg
Resources/Public/Images/Icons/icon-shapes_0198_tree-conifer.jpg,Resources/Public/Images/Icons/Glyphicons/tree-conifer.jpg
Resources/Public/Images/Icons/icon-shapes_0199_tree-deciduous.jpg,Resources/Public/Images/Icons/Glyphicons/tree-deciduous.jpg
Resources/Public/Images/Icons/icon-shapes_0157_unchecked.jpg,Resources/Public/Images/Icons/Glyphicons/unchecked.jpg
Resources/Public/Images/Icons/icon-shapes_0032_upload.jpg,Resources/Public/Images/Icons/Glyphicons/upload.jpg
Resources/Public/Images/Icons/icon-shapes_0148_usd.jpg,Resources/Public/Images/Icons/Glyphicons/usd.jpg
Resources/Public/Images/Icons/icon-shapes_0013_user.jpg,Resources/Public/Images/Icons/Glyphicons/user.jpg
Resources/Public/Images/Icons/icon-shapes_0042_volume-down.jpg,Resources/Public/Images/Icons/Glyphicons/volume-down.jpg
Resources/Public/Images/Icons/icon-shapes_0041_volume-off.jpg,Resources/Public/Images/Icons/Glyphicons/volume-off.jpg
Resources/Public/Images/Icons/icon-shapes_0043_volume-up.jpg,Resources/Public/Images/Icons/Glyphicons/volume-up.jpg
Resources/Public/Images/Icons/icon-shapes_0108_warning-sign.jpg,Resources/Public/Images/Icons/Glyphicons/warning-sign.jpg
Resources/Public/Images/Icons/icon-shapes_0137_wrench.jpg,Resources/Public/Images/Icons/Glyphicons/wrench.jpg
Resources/Public/Images/Icons/icon-shapes_0020_zoom-in.jpg,Resources/Public/Images/Icons/Glyphicons/zoom-in.jpg
Resources/Public/Images/Icons/icon-shapes_0021_zoom-out.jpg,Resources/Public/Images/Icons/Glyphicons/zoom-out.jpg
Resources/Private/Partials/ContentElements/TextIcon/IonIcons.html,Resources/Private/Partials/ContentElements/TextIcon/Ionicons.html
Configuration/TypoScript/ContentElement/BootstrapPackageMenuThumbnail.txt,Configuration/TypoScript/ContentElement/MenuThumbnailDir.txt,Configuration/TypoScript/ContentElement/MenuThumbnailDir.typoscript,Configuration/TypoScript/ContentElement/Elements/MenuThumbnailDir.typoscript,Configuration/TypoScript/ContentElement/Element/MenuThumbnailDir.typoscript
Resources/Private/Templates/ContentElements/BootstrapPackageMenuThumbnail.html,Resources/Private/Templates/ContentElements/MenuThumbnailDir.html
Configuration/TypoScript/ContentElement/MenuSitemapOfSelectedPages.txt,Configuration/TypoScript/ContentElement/MenuSitemapPages.txt,Configuration/TypoScript/ContentElement/MenuSitemapPages.typoscript,Configuration/TypoScript/ContentElement/Elements/MenuSitemapPages.typoscript,Configuration/TypoScript/ContentElement/Element/MenuSitemapPages.typoscript
Resources/Private/Templates/ContentElements/MenuSitemapOfSelectedPages.html,Resources/Private/Templates/ContentElements/MenuSitemapPages.html
Configuration/TypoScript/ContentElement/MenuSectionIndex.txt,Configuration/TypoScript/ContentElement/MenuSection.txt,Configuration/TypoScript/ContentElement/MenuSection.typoscript,Configuration/TypoScript/ContentElement/Elements/MenuSection.typoscript,Configuration/TypoScript/ContentElement/Element/MenuSection.typoscript
Configuration/TypoScript/ContentElement/MenuOfSubpagesToThesePagesAndSections.txt,Configuration/TypoScript/ContentElement/MenuSectionPages.txt,Configuration/TypoScript/ContentElement/MenuSectionPages.typoscript,Configuration/TypoScript/ContentElement/Elements/MenuSectionPages.typoscript,Configuration/TypoScript/ContentElement/Element/MenuSectionPages.typoscript
Resources/Private/Templates/ContentElements/MenuOfSubpagesToThesePagesAndSections.html,Resources/Private/Templates/ContentElements/MenuSection.html
Resources/Private/Templates/ContentElements/MenuSectionIndex.html,Resources/Private/Templates/ContentElements/MenuSectionPages.html
Configuration/TypoScript/ContentElement/MenuRelatedPagesBasedOnKewords.txt,Configuration/TypoScript/ContentElement/MenuRelatedPages.txt,Configuration/TypoScript/ContentElement/MenuRelatedPages.typoscript,Configuration/TypoScript/ContentElement/Elements/MenuRelatedPages.typoscript,Configuration/TypoScript/ContentElement/Element/MenuRelatedPages.typoscript
Resources/Private/Templates/ContentElements/MenuRelatedPagesBasedOnKewords.html,Resources/Private/Templates/ContentElements/MenuRelatedPages.html
Configuration/TypoScript/ContentElement/MenuRecentlyUpdatedPages.txt,Configuration/TypoScript/ContentElement/MenuRecentlyUpdated.txt,Configuration/TypoScript/ContentElement/MenuRecentlyUpdated.typoscript,Configuration/TypoScript/ContentElement/Elements/MenuRecentlyUpdated.typoscript,Configuration/TypoScript/ContentElement/Element/MenuRecentlyUpdated.typoscript
Resources/Private/Templates/ContentElements/MenuRecentlyUpdatedPages.html,Resources/Private/Templates/ContentElements/MenuRecentlyUpdated.html
Configuration/TypoScript/ContentElement/MenuOfSubpagesToThesePagesAbstract.txt,Configuration/TypoScript/ContentElement/MenuAbstract.txt,Configuration/TypoScript/ContentElement/MenuAbstract.typoscript,Configuration/TypoScript/ContentElement/Elements/MenuAbstract.typoscript,Configuration/TypoScript/ContentElement/Element/MenuAbstract.typoscript
Resources/Private/Templates/ContentElements/MenuOfSubpagesToThesePagesAbstract.html,Resources/Private/Templates/ContentElements/MenuAbstract.html
Configuration/TypoScript/ContentElement/MenuOfSubpagesToThesePages.txt,Configuration/TypoScript/ContentElement/MenuSubpages.txt,Configuration/TypoScript/ContentElement/MenuSubpages.typoscript,Configuration/TypoScript/ContentElement/Elements/MenuSubpages.typoscript,Configuration/TypoScript/ContentElement/Element/MenuSubpages.typoscript
Resources/Private/Templates/ContentElements/Menu.html,Resources/Private/Templates/ContentElements/MenuPages.html
Resources/Private/Templates/ContentElements/MenuOfSubpagesToThesePages.html,Resources/Private/Templates/ContentElements/MenuSubpages.html
Resources/Private/Partials/ContentElements/Media/Image.html,Resources/Private/Partials/ContentElements/Media/Type/Image.html
Configuration/TCA/Overrides/tt_content_element_bootstrap_panel.php,Configuration/TCA/Overrides/tt_content_element_panel.php,Configuration/TCA/Overrides/218_content_element_panel.php
Configuration/TCA/Overrides/tt_content_element_bootstrap_texticon.php,Configuration/TCA/Overrides/tt_content_element_texticon.php,Configuration/TCA/Overrides/225_content_element_texticon.php
Resources/Private/Templates/ContentElements/BootstrapPackageTextIcon.html,Resources/Private/Templates/ContentElements/Texticon.html
Configuration/TCA/Overrides/tt_content_element_bootstrap_listgroup.php,Configuration/TCA/Overrides/tt_content_element_listgroup.php,Configuration/TCA/Overrides/212_content_element_listgroup.php
Configuration/TCA/Overrides/tt_content_element_bootstrap_externalmedia.php,Configuration/TCA/Overrides/tt_content_element_externalmedia.php,Configuration/TCA/Overrides/208_content_element_externalmedia.php
Configuration/TCA/Overrides/tt_content_element_bootstrap_tab.php,Configuration/TCA/Overrides/tt_content_element_tab.php,Configuration/TCA/Overrides/221_content_element_tab.php
Configuration/TCA/Overrides/tt_content_element_bootstrap_accordion.php,Configuration/TCA/Overrides/tt_content_element_accordion.php,Configuration/TCA/Overrides/200_content_element_accordion.php
Configuration/TCA/Overrides/tt_content_element_bootstrap_carousel.php,Configuration/TCA/Overrides/tt_content_element_carousel.php,Configuration/TCA/Overrides/204_content_element_carousel.php
Resources/Private/Templates/ContentElements/BootstrapPackageCarouselFullscreen.html,Resources/Private/Templates/ContentElements/CarouselFullscreen.html
Resources/Private/Templates/ContentElements/BootstrapPackageCarouselSmall.html,Resources/Private/Templates/ContentElements/CarouselSmall.html
Resources/Private/Templates/Felogin/FrontendLogin.html,Resources/Private/Templates/FrontendLogin/FrontendLogin.html,Resources/Private/Templates/Felogin/FrontendLogin.html
Resources/Public/Less/Theme/Plugins/photoswipe.less,Resources/Public/Less/Theme/photoswipe.less
Configuration/TypoScript/ContentElement/Audio.txt,Configuration/TypoScript/ContentElement/Audio.typoscript,Configuration/TypoScript/ContentElement/Elements/Audio.typoscript,Configuration/TypoScript/ContentElement/Element/Audio.typoscript
Configuration/TypoScript/ContentElement/Bullets.txt,Configuration/TypoScript/ContentElement/Bullets.typoscript,Configuration/TypoScript/ContentElement/Elements/Bullets.typoscript,Configuration/TypoScript/ContentElement/Element/Bullets.typoscript
Configuration/TypoScript/ContentElement/CarouselFullscreen.txt,Configuration/TypoScript/ContentElement/CarouselFullscreen.typoscript,Configuration/TypoScript/ContentElement/Elements/CarouselFullscreen.typoscript,Configuration/TypoScript/ContentElement/Element/CarouselFullscreen.typoscript
Configuration/TypoScript/ContentElement/CarouselSmall.txt,Configuration/TypoScript/ContentElement/CarouselSmall.typoscript,Configuration/TypoScript/ContentElement/Elements/CarouselSmall.typoscript,Configuration/TypoScript/ContentElement/Element/CarouselSmall.typoscript
Configuration/TypoScript/ContentElement/Div.txt,Configuration/TypoScript/ContentElement/Div.typoscript,Configuration/TypoScript/ContentElement/Elements/Div.typoscript,Configuration/TypoScript/ContentElement/Element/Div.typoscript
Configuration/TypoScript/ContentElement/Header.txt,Configuration/TypoScript/ContentElement/Header.typoscript,Configuration/TypoScript/ContentElement/Elements/Header.typoscript,Configuration/TypoScript/ContentElement/Element/Header.typoscript
Configuration/TypoScript/ContentElement/Html.txt,Configuration/TypoScript/ContentElement/Html.typoscript,Configuration/TypoScript/ContentElement/Elements/Html.typoscript,Configuration/TypoScript/ContentElement/Element/Html.typoscript
Configuration/TypoScript/ContentElement/Image.txt,Configuration/TypoScript/ContentElement/Image.typoscript,Configuration/TypoScript/ContentElement/Elements/Image.typoscript,Configuration/TypoScript/ContentElement/Element/Image.typoscript
Configuration/TypoScript/ContentElement/List.txt,Configuration/TypoScript/ContentElement/List.typoscript,Configuration/TypoScript/ContentElement/Elements/List.typoscript,Configuration/TypoScript/ContentElement/Element/List.typoscript
Configuration/TypoScript/ContentElement/Media.txt,Configuration/TypoScript/ContentElement/Media.typoscript,Configuration/TypoScript/ContentElement/Elements/Media.typoscript,Configuration/TypoScript/ContentElement/Element/Media.typoscript
Configuration/TypoScript/ContentElement/MenuCategorizedContent.txt,Configuration/TypoScript/ContentElement/MenuCategorizedContent.typoscript,Configuration/TypoScript/ContentElement/Elements/MenuCategorizedContent.typoscript,Configuration/TypoScript/ContentElement/Element/MenuCategorizedContent.typoscript
Configuration/TypoScript/ContentElement/MenuCategorizedPages.txt,Configuration/TypoScript/ContentElement/MenuCategorizedPages.typoscript,Configuration/TypoScript/ContentElement/Elements/MenuCategorizedPages.typoscript,Configuration/TypoScript/ContentElement/Element/MenuCategorizedPages.typoscript
Configuration/TypoScript/ContentElement/MenuPages.txt,Configuration/TypoScript/ContentElement/MenuPages.typoscript,Configuration/TypoScript/ContentElement/Elements/MenuPages.typoscript,Configuration/TypoScript/ContentElement/Element/MenuPages.typoscript
Configuration/TypoScript/ContentElement/MenuSitemap.txt,Configuration/TypoScript/ContentElement/MenuSitemap.typoscript,Configuration/TypoScript/ContentElement/Elements/MenuSitemap.typoscript,Configuration/TypoScript/ContentElement/Element/MenuSitemap.typoscript
Configuration/TypoScript/ContentElement/MenuThumbnailList.txt,Configuration/TypoScript/ContentElement/MenuThumbnailList.typoscript,Configuration/TypoScript/ContentElement/Elements/MenuThumbnailList.typoscript,Configuration/TypoScript/ContentElement/Element/MenuThumbnailList.typoscript
Configuration/TypoScript/ContentElement/Quote.txt,Configuration/TypoScript/ContentElement/Quote.typoscript,Configuration/TypoScript/ContentElement/Elements/Quote.typoscript,Configuration/TypoScript/ContentElement/Element/Quote.typoscript
Configuration/TypoScript/ContentElement/Shortcut.txt,Configuration/TypoScript/ContentElement/Shortcut.typoscript,Configuration/TypoScript/ContentElement/Elements/Shortcut.typoscript,Configuration/TypoScript/ContentElement/Element/Shortcut.typoscript
Configuration/TypoScript/ContentElement/Table.txt,Configuration/TypoScript/ContentElement/Table.typoscript,Configuration/TypoScript/ContentElement/Elements/Table.typoscript,Configuration/TypoScript/ContentElement/Element/Table.typoscript
Configuration/TypoScript/ContentElement/Text.txt,Configuration/TypoScript/ContentElement/Text.typoscript,Configuration/TypoScript/ContentElement/Elements/Text.typoscript,Configuration/TypoScript/ContentElement/Element/Text.typoscript
Configuration/TypoScript/ContentElement/Textcolumn.txt,Configuration/TypoScript/ContentElement/Textcolumn.typoscript,Configuration/TypoScript/ContentElement/Elements/Textcolumn.typoscript,Configuration/TypoScript/ContentElement/Element/Textcolumn.typoscript
Configuration/TypoScript/ContentElement/Textmedia.txt,Configuration/TypoScript/ContentElement/Textmedia.typoscript,Configuration/TypoScript/ContentElement/Elements/Textmedia.typoscript,Configuration/TypoScript/ContentElement/Element/Textmedia.typoscript
Configuration/TypoScript/ContentElement/Textpic.txt,Configuration/TypoScript/ContentElement/Textpic.typoscript,Configuration/TypoScript/ContentElement/Elements/Textpic.typoscript,Configuration/TypoScript/ContentElement/Element/Textpic.typoscript
Configuration/TypoScript/ContentElement/Textteaser.txt,Configuration/TypoScript/ContentElement/Textteaser.typoscript,Configuration/TypoScript/ContentElement/Elements/Textteaser.typoscript,Configuration/TypoScript/ContentElement/Element/Textteaser.typoscript
Configuration/TypoScript/ContentElement/Uploads.txt,Configuration/TypoScript/ContentElement/Uploads.typoscript,Configuration/TypoScript/ContentElement/Elements/Uploads.typoscript,Configuration/TypoScript/ContentElement/Element/Uploads.typoscript
Configuration/TypoScript/Extension/Form.txt,Configuration/TypoScript/Extension/Form.typoscript
Configuration/TypoScript/Extension/FrontendLogin.txt,Configuration/TypoScript/Extension/FrontendLogin.typoscript
Configuration/TypoScript/Extension/IndexedSearch.txt,Configuration/TypoScript/Extension/IndexedSearch.typoscript
Configuration/TypoScript/Helper/ContentElement.txt,Configuration/TypoScript/Helper/ContentElement.typoscript,Configuration/TypoScript/ContentElement/Helper/ContentElement.typoscript
Configuration/TypoScript/Helper/PageClass.txt,Configuration/TypoScript/Helper/PageClass.typoscript
Configuration/TypoScript/Helper/ParseFunc.txt,Configuration/TypoScript/Helper/ParseFunc.typoscript,Configuration/TypoScript/ContentElement/Helper/ParseFunc.typoscript
Configuration/TypoScript/constants.txt,Configuration/TypoScript/constants.typoscript
Configuration/TypoScript/setup.txt,Configuration/TypoScript/setup.typoscript
Configuration/Apache/.htaccess,Configuration/Server/_.htaccess
Configuration/PageTS/Mod/WebLayout/BackendLayouts/default_2_columns_25_75.txt,Configuration/PageTS/Mod/WebLayout/BackendLayouts/2_columns_25_75.txt,Configuration/TSconfig/Page/Mod/WebLayout/BackendLayouts/2_columns_25_75.tsconfig,Configuration/TsConfig/Page/Mod/WebLayout/BackendLayouts/2_columns_25_75.tsconfig
Configuration/PageTS/Mod/WebLayout/BackendLayouts/default_2_columns_50_50.txt,Configuration/PageTS/Mod/WebLayout/BackendLayouts/2_columns_50_50.txt,Configuration/TSconfig/Page/Mod/WebLayout/BackendLayouts/2_columns_50_50.tsconfig,Configuration/TsConfig/Page/Mod/WebLayout/BackendLayouts/2_columns_50_50.tsconfig
Configuration/PageTS/Mod/WebLayout/BackendLayouts/default_clean.txt,Configuration/PageTS/Mod/WebLayout/BackendLayouts/clean.txt
Configuration/PageTS/Mod/WebLayout/BackendLayouts/default_subnavigation_right.txt,Configuration/PageTS/Mod/WebLayout/BackendLayouts/subnavigation_right.txt,Configuration/TSconfig/Page/Mod/WebLayout/BackendLayouts/subnavigation_right.tsconfig,Configuration/TsConfig/Page/Mod/WebLayout/BackendLayouts/subnavigation_right.tsconfig
Configuration/PageTS/Mod/WebLayout/BackendLayouts/default_subnavigation_right_2_columns.txt,Configuration/PageTS/Mod/WebLayout/BackendLayouts/subnavigation_right_2_columns.txt,Configuration/TSconfig/Page/Mod/WebLayout/BackendLayouts/subnavigation_right_2_columns.tsconfig,Configuration/TsConfig/Page/Mod/WebLayout/BackendLayouts/subnavigation_right_2_columns.tsconfig
Resources/Private/Templates/Page/Default2Columns.html,Resources/Private/Templates/Page/2Columns.html
Resources/Private/Templates/Page/Default2Columns2575.html,Resources/Private/Templates/Page/2Columns2575.html
Resources/Private/Templates/Page/Default2Columns5050.html,Resources/Private/Templates/Page/2Columns5050.html
Resources/Private/Templates/Page/Default2ColumnsOffsetRight.html,Resources/Private/Templates/Page/2ColumnsOffsetRight.html
Resources/Private/Templates/Page/Default3Columns.html,Resources/Private/Templates/Page/3Columns.html
Resources/Private/Templates/Page/DefaultClean.html,Resources/Private/Templates/Page/Clean.html
Resources/Private/Templates/Page/DefaultSubNavLeft.html,Resources/Private/Templates/Page/SubnavigationLeft.html
Resources/Private/Templates/Page/DefaultSubNavLeft2Columns.html,Resources/Private/Templates/Page/SubnavigationLeft2Columns.html
Resources/Public/JavaScript/Libs/hammer.js,Resources/Public/Contrib/hammerjs/hammer.js
Resources/Public/JavaScript/Libs/hammer.min.js,Resources/Public/Contrib/hammerjs/hammer.min.js
Resources/Public/JavaScript/Libs/hammer.min.js.map,Resources/Public/Contrib/hammerjs/hammer.min.js.map
Resources/Public/JavaScript/Libs/jquery.min.js,Resources/Public/Contrib/jquery/jquery.min.js
Resources/Public/JavaScript/Dist/modernizr.min.js,Resources/Public/Contrib/modernizr/modernizr.min.js
Resources/Public/JavaScript/Libs/photoswipe-ui-default.min.js,Resources/Public/Contrib/photoswipe/photoswipe-ui-default.min.js
Resources/Public/JavaScript/Libs/photoswipe.min.js,Resources/Public/Contrib/photoswipe/photoswipe.min.js
Resources/Public/Fonts/glyphicons-halflings-regular.eot,Resources/Public/Contrib/bootstrap3/fonts/glyphicons-halflings-regular.eot
Resources/Public/Fonts/glyphicons-halflings-regular.svg,Resources/Public/Contrib/bootstrap3/fonts/glyphicons-halflings-regular.svg
Resources/Public/Fonts/glyphicons-halflings-regular.ttf,Resources/Public/Contrib/bootstrap3/fonts/glyphicons-halflings-regular.ttf
Resources/Public/Fonts/glyphicons-halflings-regular.woff,Resources/Public/Contrib/bootstrap3/fonts/glyphicons-halflings-regular.woff
Resources/Public/Fonts/glyphicons-halflings-regular.woff2,Resources/Public/Contrib/bootstrap3/fonts/glyphicons-halflings-regular.woff2
Resources/Public/Less/Bootstrap/mixins/reset-text.less,Resources/Public/Contrib/bootstrap3/less/mixins/reset-text.less
Resources/Public/Css/ionicons.css,Resources/Public/Contrib/ionicons/css/ionicons.css
Resources/Public/Css/ionicons.min.css,Resources/Public/Contrib/ionicons/css/ionicons.min.css
Resources/Public/Fonts/ionicons.eot,Resources/Public/Contrib/ionicons/fonts/ionicons.eot
Resources/Public/Fonts/ionicons.svg,Resources/Public/Contrib/ionicons/fonts/ionicons.svg
Resources/Public/Fonts/ionicons.ttf,Resources/Public/Contrib/ionicons/fonts/ionicons.ttf
Resources/Public/Fonts/ionicons.woff,Resources/Public/Contrib/ionicons/fonts/ionicons.woff
Resources/Public/Css/rte.css,Resources/Public/Css/bootstrap3-rte.css
Resources/Public/Css/rte.css.map,Resources/Public/Css/bootstrap3-rte.css.map
Resources/Public/Css/rte.min.css,Resources/Public/Css/bootstrap3-rte.min.css
Resources/Public/Css/theme.css,Resources/Public/Css/bootstrap3-theme.css
Resources/Public/Css/theme.css.map,Resources/Public/Css/bootstrap3-theme.css.map
Resources/Public/Css/theme.min.css,Resources/Public/Css/bootstrap3-theme.min.css
Configuration/Forms/Setup.yaml,Configuration/Form/Setup.yaml
Resources/Public/Fonts/socialmedia.eot,Resources/Public/Fonts/bootstrappackageicon.eot
Resources/Public/Fonts/socialmedia.ttf,Resources/Public/Fonts/bootstrappackageicon.ttf
Resources/Public/Fonts/socialmedia.woff,Resources/Public/Fonts/bootstrappackageicon.woff
Resources/Public/Icons/SocialMedia/facebook.svg,Resources/Public/Icons/BootstrapPackageIcon/facebook.svg
Resources/Public/Icons/SocialMedia/github.svg,Resources/Public/Icons/BootstrapPackageIcon/github.svg
Resources/Public/Icons/SocialMedia/googleplus.svg,Resources/Public/Icons/BootstrapPackageIcon/googleplus.svg
Resources/Public/Icons/SocialMedia/instagram.svg,Resources/Public/Icons/BootstrapPackageIcon/instagram.svg
Resources/Public/Icons/SocialMedia/linkedin.svg,Resources/Public/Icons/BootstrapPackageIcon/linkedin.svg
Resources/Public/Icons/SocialMedia/twitter.svg,Resources/Public/Icons/BootstrapPackageIcon/twitter.svg
Resources/Public/Icons/SocialMedia/vimeo.svg,Resources/Public/Icons/BootstrapPackageIcon/vimeo.svg
Resources/Public/Icons/SocialMedia/xing.svg,Resources/Public/Icons/BootstrapPackageIcon/xing.svg
Resources/Public/Icons/SocialMedia/youtube.svg,Resources/Public/Icons/BootstrapPackageIcon/youtube.svg
Configuration/TypoScript/ContentElement/IconGroup.typoscript,Configuration/TypoScript/ContentElement/Elements/IconGroup.typoscript,Configuration/TypoScript/ContentElement/Element/IconGroup.typoscript
Configuration/TypoScript/ContentElement/MenuCardDir.typoscript,Configuration/TypoScript/ContentElement/Elements/MenuCardDir.typoscript,Configuration/TypoScript/ContentElement/Element/MenuCardDir.typoscript
Configuration/TypoScript/ContentElement/MenuCardList.typoscript,Configuration/TypoScript/ContentElement/Elements/MenuCardList.typoscript,Configuration/TypoScript/ContentElement/Element/MenuCardList.typoscript
Configuration/TypoScript/ContentElement/SocialLinks.typoscript,Configuration/TypoScript/ContentElement/Elements/SocialLinks.typoscript,Configuration/TypoScript/ContentElement/Element/SocialLinks.typoscript
Configuration/TypoScript/ContentElement/Timeline.typoscript,Configuration/TypoScript/ContentElement/Elements/Timeline.typoscript,Configuration/TypoScript/ContentElement/Element/Timeline.typoscript
Resources/Private/Forms/Contact.yaml,Resources/Private/Forms/Contact.form.yaml
Configuration/PageTS/Feature/Ionicons.txt,Configuration/TSconfig/Page/Feature/Ionicons.tsconfig,Configuration/TsConfig/Page/Feature/Ionicons.tsconfig
Configuration/PageTS/Mod/WebLayout/BackendLayouts/simple.txt,Configuration/TSconfig/Page/Mod/WebLayout/BackendLayouts/simple.tsconfig,Configuration/TsConfig/Page/Mod/WebLayout/BackendLayouts/simple.tsconfig
Configuration/PageTS/RTE.txt,Configuration/TSconfig/Page/RTE.tsconfig,Configuration/TsConfig/Page/RTE.tsconfig
Configuration/PageTS/TCEMAIN.txt,Configuration/TSconfig/Page/TCEMAIN.tsconfig,Configuration/TsConfig/Page/TCEMAIN.tsconfig
Configuration/TSconfig/Page/ContentElement/All.tsconfig,Configuration/TsConfig/Page/ContentElement/All.tsconfig
Configuration/TSconfig/Page/ContentElement/Categories.tsconfig,Configuration/TsConfig/Page/ContentElement/Categories.tsconfig
Configuration/TSconfig/Page/ContentElement/Element/Accordion.tsconfig,Configuration/TsConfig/Page/ContentElement/Element/Accordion.tsconfig
Configuration/TSconfig/Page/ContentElement/Element/Audio.tsconfig,Configuration/TsConfig/Page/ContentElement/Element/Audio.tsconfig
Configuration/TSconfig/Page/ContentElement/Element/Bullets.tsconfig,Configuration/TsConfig/Page/ContentElement/Element/Bullets.tsconfig
Configuration/TSconfig/Page/ContentElement/Element/Carousel.tsconfig,Configuration/TsConfig/Page/ContentElement/Element/Carousel.tsconfig
Configuration/TSconfig/Page/ContentElement/Element/CarouselFullscreen.tsconfig,Configuration/TsConfig/Page/ContentElement/Element/CarouselFullscreen.tsconfig
Configuration/TSconfig/Page/ContentElement/Element/CarouselSmall.tsconfig,Configuration/TsConfig/Page/ContentElement/Element/CarouselSmall.tsconfig
Configuration/TSconfig/Page/ContentElement/Element/Csv.tsconfig,Configuration/TsConfig/Page/ContentElement/Element/Csv.tsconfig
Configuration/TSconfig/Page/ContentElement/Element/ExternalMedia.tsconfig,Configuration/TsConfig/Page/ContentElement/Element/ExternalMedia.tsconfig
Configuration/TSconfig/Page/ContentElement/Element/Header.tsconfig,Configuration/TsConfig/Page/ContentElement/Element/Header.tsconfig
Configuration/TSconfig/Page/ContentElement/Element/IconGroup.tsconfig,Configuration/TsConfig/Page/ContentElement/Element/IconGroup.tsconfig
Configuration/TSconfig/Page/ContentElement/Element/Image.tsconfig,Configuration/TsConfig/Page/ContentElement/Element/Image.tsconfig
Configuration/TSconfig/Page/ContentElement/Element/ListGroup.tsconfig,Configuration/TsConfig/Page/ContentElement/Element/ListGroup.tsconfig
Configuration/TSconfig/Page/ContentElement/Element/Media.tsconfig,Configuration/TsConfig/Page/ContentElement/Element/Media.tsconfig
Configuration/TSconfig/Page/ContentElement/Element/MenuCardDir.tsconfig,Configuration/TsConfig/Page/ContentElement/Element/MenuCardDir.tsconfig
Configuration/TSconfig/Page/ContentElement/Element/MenuCardList.tsconfig,Configuration/TsConfig/Page/ContentElement/Element/MenuCardList.tsconfig
Configuration/TSconfig/Page/ContentElement/Element/MenuThumbnailDir.tsconfig,Configuration/TsConfig/Page/ContentElement/Element/MenuThumbnailDir.tsconfig
Configuration/TSconfig/Page/ContentElement/Element/MenuThumbnailList.tsconfig,Configuration/TsConfig/Page/ContentElement/Element/MenuThumbnailList.tsconfig
Configuration/TSconfig/Page/ContentElement/Element/Panel.tsconfig,Configuration/TsConfig/Page/ContentElement/Element/Panel.tsconfig
Configuration/TSconfig/Page/ContentElement/Element/Quote.tsconfig,Configuration/TsConfig/Page/ContentElement/Element/Quote.tsconfig
Configuration/TSconfig/Page/ContentElement/Element/SocialLinks.tsconfig,Configuration/TsConfig/Page/ContentElement/Element/SocialLinks.tsconfig
Configuration/TSconfig/Page/ContentElement/Element/Tab.tsconfig,Configuration/TsConfig/Page/ContentElement/Element/Tab.tsconfig
Configuration/TSconfig/Page/ContentElement/Element/Table.tsconfig,Configuration/TsConfig/Page/ContentElement/Element/Table.tsconfig
Configuration/TSconfig/Page/ContentElement/Element/Text.tsconfig,Configuration/TsConfig/Page/ContentElement/Element/Text.tsconfig
Configuration/TSconfig/Page/ContentElement/Element/Textcolumn.tsconfig,Configuration/TsConfig/Page/ContentElement/Element/Textcolumn.tsconfig
Configuration/TSconfig/Page/ContentElement/Element/Texticon.tsconfig,Configuration/TsConfig/Page/ContentElement/Element/Texticon.tsconfig
Configuration/TSconfig/Page/ContentElement/Element/Textmedia.tsconfig,Configuration/TsConfig/Page/ContentElement/Element/Textmedia.tsconfig
Configuration/TSconfig/Page/ContentElement/Element/Textpic.tsconfig,Configuration/TsConfig/Page/ContentElement/Element/Textpic.tsconfig
Configuration/TSconfig/Page/ContentElement/Element/Textteaser.tsconfig,Configuration/TsConfig/Page/ContentElement/Element/Textteaser.tsconfig
Configuration/TSconfig/Page/ContentElement/Element/Timeline.tsconfig,Configuration/TsConfig/Page/ContentElement/Element/Timeline.tsconfig
Configuration/TSconfig/Page/ContentElement/Element/Uploads.tsconfig,Configuration/TsConfig/Page/ContentElement/Element/Uploads.tsconfig
Configuration/TCA/Overrides/tt_content_cropping.php,Configuration/TCA/Overrides/cropping.php,Configuration/TCA/Overrides/tt_cropping.php,Configuration/TCA/Overrides/500_cropping.php
Resources/Private/Partials/ContentElements/Frame/BackgroundImage.html,Resources/Private/Partials/ContentElements/Frame/General/BackgroundImage.html,Resources/Private/Partials/ViewHelpers/Frame/BackgroundImage.html
Configuration/TCA/Overrides/pages.php,Configuration/TCA/Overrides/100_pages.php
Configuration/TCA/Overrides/sys_template.php,Configuration/TCA/Overrides/101_sys_template.php
Configuration/TCA/Overrides/tt_content.php,Configuration/TCA/Overrides/102_tt_content.php
Configuration/TCA/Overrides/tt_content_element_audio.php,Configuration/TCA/Overrides/201_content_element_audio.php
Configuration/TCA/Overrides/tt_content_element_bullets.php,Configuration/TCA/Overrides/202_content_element_bullets.php
Configuration/TCA/Overrides/tt_content_element_card_group.php,Configuration/TCA/Overrides/203_content_element_card_group.php
Configuration/TCA/Overrides/tt_content_element_carousel_small.php,Configuration/TCA/Overrides/205_content_element_carousel_small.php
Configuration/TCA/Overrides/tt_content_element_carousel_fullscreen.php,Configuration/TCA/Overrides/206_content_element_carousel_fullscreen.php
Configuration/TCA/Overrides/tt_content_element_csv.php,Configuration/TCA/Overrides/207_content_element_csv.php
Configuration/TCA/Overrides/tt_content_element_header.php,Configuration/TCA/Overrides/209_content_element_header.php
Configuration/TCA/Overrides/tt_content_element_icon_group.php,Configuration/TCA/Overrides/210_content_element_icon_group.php
Configuration/TCA/Overrides/tt_content_element_image.php,Configuration/TCA/Overrides/211_content_element_image.php
Configuration/TCA/Overrides/tt_content_element_media.php,Configuration/TCA/Overrides/213_content_element_media.php
Configuration/TCA/Overrides/tt_content_element_menu_card_list.php,Configuration/TCA/Overrides/214_content_element_menu_card_list.php
Configuration/TCA/Overrides/tt_content_element_menu_card_dir.php,Configuration/TCA/Overrides/215_content_element_menu_card_dir.php
Configuration/TCA/Overrides/tt_content_element_menu_thumbnail_list.php,Configuration/TCA/Overrides/216_content_element_menu_thumbnail_list.php
Configuration/TCA/Overrides/tt_content_element_menu_thumbnail_dir.php,Configuration/TCA/Overrides/217_content_element_menu_thumbnail_dir.php
Configuration/TCA/Overrides/tt_content_element_quote.php,Configuration/TCA/Overrides/219_content_element_quote.php
Configuration/TCA/Overrides/tt_content_element_social_links.php,Configuration/TCA/Overrides/220_content_element_social_links.php
Configuration/TCA/Overrides/tt_content_element_table.php,Configuration/TCA/Overrides/222_content_element_table.php
Configuration/TCA/Overrides/tt_content_element_text.php,Configuration/TCA/Overrides/223_content_element_text.php
Configuration/TCA/Overrides/tt_content_element_textcolumn.php,Configuration/TCA/Overrides/224_content_element_textcolumn.php
Configuration/TCA/Overrides/tt_content_element_textmedia.php,Configuration/TCA/Overrides/226_content_element_textmedia.php
Configuration/TCA/Overrides/tt_content_element_textpic.php,Configuration/TCA/Overrides/227_content_element_textpic.php
Configuration/TCA/Overrides/tt_content_element_textteaser.php,Configuration/TCA/Overrides/228_content_element_textteaser.php
Configuration/TCA/Overrides/tt_content_element_timeline.php,Configuration/TCA/Overrides/229_content_element_timeline.php
Configuration/TCA/Overrides/tt_content_element_uploads.php,Configuration/TCA/Overrides/230_content_element_uploads.php
Configuration/TCA/Overrides/tt_content_general_columns.php,Configuration/TCA/Overrides/300_content_general_columns.php
Configuration/TCA/Overrides/tt_content_general_palettes.php,Configuration/TCA/Overrides/301_content_general_palettes.php
Configuration/TCA/Overrides/tx_bootstrappackage_carousel_item.php,Configuration/TCA/Overrides/400_bootstrappackage_carousel_item.php
ext_icon.png,Resources/Public/Icons/Extension.png
.github/ISSUE_TEMPLATE.md,.github/ISSUE_TEMPLATE/bug_report.md
.github/ISSUE_TEMPLATE/---bug-report.md,.github/ISSUE_TEMPLATE/bug-report.md
.github/ISSUE_TEMPLATE/---feature-request.md,.github/ISSUE_TEMPLATE/feature-request.md
.github/ISSUE_TEMPLATE/--support.md,.github/ISSUE_TEMPLATE/support.md
Classes/Updates/ExternalMediaContentElement.php,Classes/Updates/ExternalMediaContentElementUpdate.php
Classes/Updates/ListGroupContentElement.php,Classes/Updates/ListGroupContentElementUpdate.php
Classes/Updates/TexticonContentElement.php,Classes/Updates/TexticonContentElementUpdate.php
Configuration/TypoScript/Helper/FrontendEditing.typoscript,Configuration/TypoScript/Extension/Feedit/setup.typoscript
Configuration/TypoScript/Extension/FrontendLogin/constants.typoscript,Configuration/TypoScript/Extension/Felogin/constants.typoscript
Configuration/TypoScript/Extension/FrontendLogin/setup.typoscript,Configuration/TypoScript/Extension/Felogin/setup.typoscript
Resources/Public/JavaScript/Src/jquery.cookieconsent.js,Resources/Public/JavaScript/Src/bootstrap.cookieconsent.js
Classes/Controller/FluidTemplateController.php,Classes/Controller/ContentController.php
Tests/Unit/Scss/Fixtures/Calculation.css,Tests/Unit/Parser/Fixtures/Calculation.css,Tests/Unit/Compiler/Fixtures/Calculation/Output.css
Tests/Unit/Scss/Fixtures/Calculation.scss,Tests/Unit/Parser/Fixtures/Calculation.scss,Tests/Unit/Compiler/Fixtures/Calculation/Input.scss
Tests/Unit/Scss/ScssTest.php,Tests/Unit/Parser/ScssTest.php,Tests/Unit/Compiler/ScssCompilerTest.php
Build/phpunit.xml,Build/phpunit-unit.xml
.github/workflows/label.yml,.github/workflows/labeler.yml
Build/packages/demo_package/Configuration/TCA/Overrides/sys_template.php,Tests/Packages/demo_package/Configuration/TCA/Overrides/sys_template.php
Build/packages/demo_package/Configuration/TypoScript/constants.typoscript,Tests/Packages/demo_package/Configuration/TypoScript/constants.typoscript
Build/packages/demo_package/Configuration/TypoScript/setup.typoscript,Tests/Packages/demo_package/Configuration/TypoScript/setup.typoscript
Build/packages/demo_package/Resources/Private/Scss/Relative/theme.scss,Tests/Packages/demo_package/Resources/Private/Scss/Relative/theme.scss,Tests/Packages/demo_package/Resources/Public/Scss/Relative/theme.scss
Build/packages/demo_package/composer.json,Tests/Packages/demo_package/composer.json
Build/packages/demo_package/ext_emconf.php,Tests/Packages/demo_package/ext_emconf.php
Build/packages/demo_package/ext_localconf.php,Tests/Packages/demo_package/ext_localconf.php
Build/packages/demo_package/ext_tables.php,Tests/Packages/demo_package/ext_tables.php
.ddev/docker-compose.tempfs.yaml,.ddev/docker-compose.tempfs.yaml.tmpl
.php_cs.dist,.php-cs-fixer.dist.php
Resources/Public/Scss/RTE/rte.scss,Resources/Public/Scss/bootstrap4/rte.scss
Resources/Public/Scss/Theme/_address.scss,Resources/Public/Scss/components/_address.scss
Resources/Public/Scss/Theme/_backendlayouts.scss,Resources/Public/Scss/components/_backendlayout.scss
Resources/Public/Scss/Theme/_blockquote.scss,Resources/Public/Scss/components/_blockquote.scss
Resources/Public/Scss/Theme/_buttons.scss,Resources/Public/Scss/components/_button.scss
Resources/Public/Scss/Theme/_carousel.scss,Resources/Public/Scss/components/_carousel.scss
Resources/Public/Scss/Theme/_figure.scss,Resources/Public/Scss/components/_figure.scss
Resources/Public/Scss/Theme/_footer.scss,Resources/Public/Scss/components/_footer.scss
Resources/Public/Scss/Theme/_frame.scss,Resources/Public/Scss/components/_frame.scss
Resources/Public/Scss/Theme/_icongroup.scss,Resources/Public/Scss/components/_icongroup.scss
Resources/Public/Scss/Theme/_link.scss,Resources/Public/Scss/components/_link.scss
Resources/Public/Scss/Theme/_navbar.scss,Resources/Public/Scss/components/_navbar.scss
Resources/Public/Scss/Theme/_subnav.scss,Resources/Public/Scss/components/_subnav.scss
Resources/Public/Scss/Theme/_texticon.scss,Resources/Public/Scss/components/_texticon.scss
Resources/Public/Scss/Theme/_textpic.scss,Resources/Public/Scss/components/_textpic.scss
Resources/Public/Scss/Theme/_thumbnail-menu.scss,Resources/Public/Scss/components/_thumbnail-menu.scss
Resources/Public/Scss/Theme/_timeline.scss,Resources/Public/Scss/components/_timeline.scss
Resources/Public/Scss/Theme/_well.scss,Resources/Public/Scss/components/_well.scss
Resources/Public/Scss/Theme/_cookieconsent.scss,Resources/Public/Scss/plugins/_cookieconsent.scss
Resources/Public/Scss/Theme/_photoswipe.scss,Resources/Public/Scss/plugins/_photoswipe.scss
Tests/Packages/demo_package/Resources/Private/Scss/CoreSyntax/theme.scss,Tests/Packages/demo_package/Resources/Public/Scss/CoreSyntax/theme.scss
Tests/Packages/demo_package/Resources/Private/Scss/Legacy/theme.scss,Tests/Packages/demo_package/Resources/Public/Scss/Legacy/theme.scss
