servers.whois,whois.servers.php
main.whois,whois.main.php
apnic.whois,whois.ip.apnic.php
arin.whois,whois.ip.arin.php
brnic.whois,whois.ip.brnic.php
krnic.whois,whois.ip.krnic.php
lacnic.whois,whois.ip.lacnic.php
ripe.whois,whois.ip.ripe.php
atnic.whois,whois.at.php
aunic.whois,whois.au.php
benic.whois,whois.be.php
neulevel.whois,whois.biz.php,src/whois.biz.php,src/handler/whois.biz.php
bripw.whois,whois.br.php
cira.whois,whois.ca.php
chnic.whois,whois.ch.php
cnnic.whois,whois.cn.php
esnic.whois,whois.es.php
dotfm.whois,whois.fm.php
gtld.whois,whois.gtld.php
hunic.whois,whois.hu.php,src/whois.hu.php,src/handler/whois.hu.php
info.whois,whois.info.php,src/whois.info.php,src/handler/whois.info.php
isnic.whois,whois.is.php
lunic.whois,whois.lu.php
mxnic.whois,whois.mx.php
nlnic.whois,whois.nl.php
nunames.whois,whois.nu.php
org.whois,whois.org.php,src/whois.org.php,src/handler/whois.org.php
nicse.whois,whois.se.php,src/whois.se.php,src/handler/whois.se.php
uknic.whois,whois.uk.php
neustar.whois,whois.us.php,src/whois.us.php,src/handler/whois.us.php
wsnic.whois,whois.ws.php
ascio.whois,whois.gtld.ascio.php,src/whois.gtld.ascio.php,src/handler/whois.gtld.ascio.php
bulkregistercom.whois,whois.gtld.bulkr.php
buydomains.whois,whois.gtld.buydomains.php,whois.gtld.domaindiscover.php,src/whois.gtld.domaindiscover.php,src/handler/whois.gtld.domaindiscover.php
core.whois,whois.gtld.core.php
cronon.whois,whois.gtld.cronon.php,whois.gtld.tmagnic.php,src/whois.gtld.tmagnic.php,src/handler/whois.gtld.tmagnic.php
directnic.whois,whois.gtld.directnic.php,src/whois.gtld.directnic.php,src/handler/whois.gtld.directnic.php
domainbank.whois,whois.gtld.domainbank.php
dotregistrar.whois,whois.gtld.dotregistrar.php
dotster.whois,whois.gtld.dotster.php,src/whois.gtld.dotster.php,src/handler/whois.gtld.dotster.php
enom.whois,whois.gtld.enom.php
godaddy.whois,whois.gtld.godaddy.php,src/whois.gtld.godaddy.php,src/handler/whois.gtld.godaddy.php
innerwise.whois,whois.gtld.innerwise.php,whois.gtld.itsyourdomain.php,src/whois.gtld.itsyourdomain.php,src/handler/whois.gtld.itsyourdomain.php
interdomain.whois,whois.gtld.interdomain.php
inwwcom.whois,whois.gtld.inwwcom.php,whois.gtld.melbourneit.php
joker.whois,whois.gtld.joker.php
moniker.whois,whois.gtld.moniker.php,src/whois.gtld.moniker.php,src/handler/whois.gtld.moniker.php
netsol.whois,whois.gtld.netsol.php,whois.gtld.networksolutions.php,src/whois.gtld.networksolutions.php,src/handler/whois.gtld.networksolutions.php
nicline.whois,whois.gtld.nicline.php,src/whois.gtld.nicline.php,src/handler/whois.gtld.nicline.php
opensrsnet.whois,whois.gtld.opensrsnet.php,whois.gtld.opensrs.php,src/whois.gtld.opensrs.php,src/handler/whois.gtld.opensrs.php
registercom.whois,whois.gtld.registercom.php,whois.gtld.register.php
schlund.whois,whois.gtld.schlund.php
srsplus.whois,whois.gtld.srsplus.php,src/whois.gtld.srsplus.php,src/handler/whois.gtld.srsplus.php
stargate.whois,whois.gtld.stargate.php,whois.gtld.stargateinc.php,whois.gtld.namevault.php,src/whois.gtld.namevault.php,src/handler/whois.gtld.namevault.php
tvcorp.whois,whois.gtld.tvcorp.php,src/whois.gtld.tvcorp.php,src/handler/whois.gtld.tvcorp.php
generic.whois,whois.parser.php
cli_example.php,example.cli.php,examples/example.cli.php
utils.whois,whois.utils.php
whois.gtld.contender.php,whois.gtld.domaincontender.php,whois.gtld.assorted.php,src/whois.gtld.assorted.php,src/handler/whois.gtld.assorted.php
whois.gtld.ndirect.php,whois.gtld.namesdirect.php
whois.za.php,whois.zanet.php
whois.ae.php,src/whois.ae.php,src/handler/whois.ae.php
whois.aero.php,src/whois.aero.php,src/handler/whois.aero.php
whois.ag.php,src/whois.ag.php,src/handler/whois.ag.php
whois.asia.php,src/whois.asia.php,src/handler/whois.asia.php
whois.cat.php,src/whois.cat.php,src/handler/whois.cat.php
whois.cl.php,src/whois.cl.php,src/handler/whois.cl.php
whois.co.php,src/whois.co.php,src/handler/whois.co.php
whois.edu.php,src/whois.edu.php,src/handler/whois.edu.php
whois.fi.php,src/whois.fi.php,src/handler/whois.fi.php
whois.gtld.afternic.php,src/whois.gtld.afternic.php,src/handler/whois.gtld.afternic.php
whois.gtld.alldomains.php,src/whois.gtld.alldomains.php,src/handler/whois.gtld.alldomains.php
whois.gtld.corporatedomains.php,src/whois.gtld.corporatedomains.php,src/handler/whois.gtld.corporatedomains.php
whois.gtld.domainpeople.php,src/whois.gtld.domainpeople.php,src/handler/whois.gtld.domainpeople.php
whois.gtld.dreamhost.php,src/whois.gtld.dreamhost.php,src/handler/whois.gtld.dreamhost.php
whois.gtld.fabulous.php,src/whois.gtld.fabulous.php,src/handler/whois.gtld.fabulous.php
whois.gtld.gandi.php,src/whois.gtld.gandi.php,src/handler/whois.gtld.gandi.php
whois.gtld.genericb.php,src/whois.gtld.genericb.php,src/handler/whois.gtld.genericb.php
whois.gtld.iana.php,src/whois.gtld.iana.php,src/handler/whois.gtld.iana.php
whois.gtld.name.php,src/whois.gtld.name.php,src/handler/whois.gtld.name.php
whois.gtld.nameintel.php,src/whois.gtld.nameintel.php,src/handler/whois.gtld.nameintel.php
whois.gtld.namejuice.php,src/whois.gtld.namejuice.php,src/handler/whois.gtld.namejuice.php
whois.gtld.names4ever.php,src/whois.gtld.names4ever.php,src/handler/whois.gtld.names4ever.php
whois.gtld.nicco.php,src/whois.gtld.nicco.php,src/handler/whois.gtld.nicco.php
whois.gtld.ovh.php,src/whois.gtld.ovh.php,src/handler/whois.gtld.ovh.php
whois.gtld.publicdomainregistry.php,src/whois.gtld.publicdomainregistry.php,src/handler/whois.gtld.publicdomainregistry.php
whois.gtld.wildwestdomains.php,src/whois.gtld.wildwestdomains.php,src/handler/whois.gtld.wildwestdomains.php
whois.ie.php,src/whois.ie.php,src/handler/whois.ie.php
whois.in.php,src/whois.in.php,src/handler/whois.in.php
whois.int.php,src/whois.int.php,src/handler/whois.int.php
whois.ir.php,src/whois.ir.php,src/handler/whois.ir.php
whois.lt.php,src/whois.lt.php,src/handler/whois.lt.php
whois.me.php,src/whois.me.php,src/handler/whois.me.php
whois.mobi.php,src/whois.mobi.php,src/handler/whois.mobi.php
whois.museum.php,src/whois.museum.php,src/handler/whois.museum.php
whois.name.php,src/whois.name.php,src/handler/whois.name.php
whois.pl.php,src/whois.pl.php,src/handler/whois.pl.php
whois.pro.php,src/whois.pro.php,src/handler/whois.pro.php
whois.ru.php,src/whois.ru.php,src/handler/whois.ru.php
whois.sc.php,src/whois.sc.php,src/handler/whois.sc.php
whois.si.php,src/whois.si.php,src/handler/whois.si.php
whois.tel.php,src/whois.tel.php,src/handler/whois.tel.php
whois.travel.php,src/whois.travel.php,src/handler/whois.travel.php
whois.xxx.php,src/whois.xxx.php,src/handler/whois.xxx.php
test.txt,tests/test.txt
testsuite.txt,tests/testsuite.txt
README,README.md
src/whois.am.php,src/handler/whois.am.php
src/whois.at.php,src/handler/whois.at.php
src/whois.au.php,src/handler/whois.au.php
src/whois.be.php,src/handler/whois.be.php
src/whois.bh.php,src/handler/whois.bh.php
src/whois.br.php,src/handler/whois.br.php
src/whois.ca.php,src/handler/whois.ca.php
src/whois.ch.php,src/handler/whois.ch.php
src/whois.cn.php,src/handler/whois.cn.php
src/whois.co.za.php,src/handler/whois.co.za.php
src/whois.coop.php,src/handler/whois.coop.php
src/whois.cz.php,src/handler/whois.cz.php
src/whois.de.php,src/handler/whois.de.php
src/whois.eu.php,src/handler/whois.eu.php
src/whois.fj.php,src/handler/whois.fj.php
src/whois.fm.php,src/handler/whois.fm.php
src/whois.fr.php,src/handler/whois.fr.php
src/whois.gtld.enom.php,src/handler/whois.gtld.enom.php
src/whois.gtld.fastdomain.php,src/handler/whois.gtld.fastdomain.php
src/whois.gtld.interdomain.php,src/handler/whois.gtld.interdomain.php
src/whois.gtld.joker.php,src/handler/whois.gtld.joker.php
src/whois.gtld.markmonitor.php,src/handler/whois.gtld.markmonitor.php
src/whois.gtld.melbourneit.php,src/handler/whois.gtld.melbourneit.php
src/whois.gtld.nameking.php,src/handler/whois.gtld.nameking.php
src/whois.gtld.onlinenic.php,src/handler/whois.gtld.onlinenic.php
src/whois.gtld.php,src/handler/whois.gtld.php
src/whois.gtld.psiusa.php,src/handler/whois.gtld.psiusa.php
src/whois.gtld.register.php,src/handler/whois.gtld.register.php
src/whois.gtld.rrpproxy.php,src/handler/whois.gtld.rrpproxy.php
src/whois.gtld.schlund.php,src/handler/whois.gtld.schlund.php
src/whois.il.php,src/handler/whois.il.php
src/whois.ip.afrinic.php,src/handler/whois.ip.afrinic.php
src/whois.ip.apnic.php,src/handler/whois.ip.apnic.php
src/whois.ip.arin.php,src/handler/whois.ip.arin.php
src/whois.ip.krnic.php,src/handler/whois.ip.krnic.php
src/whois.ip.lacnic.php,src/handler/whois.ip.lacnic.php
src/whois.ip.php,src/handler/whois.ip.php
src/whois.ip.ripe.php,src/handler/whois.ip.ripe.php
src/whois.is.php,src/handler/whois.is.php
src/whois.it.php,src/handler/whois.it.php
src/whois.jp.php,src/handler/whois.jp.php
src/whois.lu.php,src/handler/whois.lu.php
src/whois.ly.php,src/handler/whois.ly.php
src/whois.mx.php,src/handler/whois.mx.php
src/whois.nl.php,src/handler/whois.nl.php
src/whois.nu.php,src/handler/whois.nu.php
src/whois.nz.php,src/handler/whois.nz.php
src/whois.org.za.php,src/handler/whois.org.za.php
src/whois.pm.php,src/handler/whois.pm.php
src/whois.pt.php,src/handler/whois.pt.php
src/whois.re.php,src/handler/whois.re.php
src/whois.ro.php,src/handler/whois.ro.php
src/whois.rwhois.php,src/handler/whois.rwhois.php
src/whois.su.php,src/handler/whois.su.php
src/whois.uk.php,src/handler/whois.uk.php
src/whois.ve.php,src/handler/whois.ve.php
src/whois.wf.php,src/handler/whois.wf.php
src/whois.ws.php,src/handler/whois.ws.php
src/whois.yt.php,src/handler/whois.yt.php
src/whois.zanet.php,src/handler/whois.zanet.php
src/whois.client.php,src/Whois.php
