content/4_agency/1_projects/1_creatious-labs/boxed-water-is-better-goynk3crgxq-unsplash.jpg,content/4_agency/1_projects/1_creatious-labs/creatious-labs-1.jpg
content/4_agency/1_projects/1_creatious-labs/boxed-water-is-better-goynk3crgxq-unsplash.jpg.txt,content/4_agency/1_projects/1_creatious-labs/creatious-labs-1.jpg.txt
content/4_agency/1_projects/1_creatious-labs/boxed-water-is-better-8-t6d0hfnxq-unsplash.jpg,content/4_agency/1_projects/1_creatious-labs/creatious-labs-2.jpg
content/4_agency/1_projects/1_creatious-labs/boxed-water-is-better-8-t6d0hfnxq-unsplash.jpg.txt,content/4_agency/1_projects/1_creatious-labs/creatious-labs-2.jpg.txt
content/4_agency/1_projects/1_creatious-labs/boxed-water-is-better-mcsv04u7la-unsplash.jpg,content/4_agency/1_projects/1_creatious-labs/creatious-labs-3.jpg
content/4_agency/1_projects/1_creatious-labs/boxed-water-is-better-mcsv04u7la-unsplash.jpg.txt,content/4_agency/1_projects/1_creatious-labs/creatious-labs-3.jpg.txt
content/4_agency/1_projects/1_creatious-labs/boxed-water-is-better-y3rfdgl51gw-unsplash.jpg,content/4_agency/1_projects/1_creatious-labs/creatious-labs-4.jpg
content/4_agency/1_projects/1_creatious-labs/boxed-water-is-better-y3rfdgl51gw-unsplash.jpg.txt,content/4_agency/1_projects/1_creatious-labs/creatious-labs-4.jpg.txt
content/4_agency/1_projects/1_creatious-labs/creatious-labs.jpg,content/4_agency/1_projects/1_creatious-labs/creatious-labs-cover.jpg
content/4_agency/1_projects/1_creatious-labs/creatious-labs.jpg.txt,content/4_agency/1_projects/1_creatious-labs/creatious-labs-cover.jpg.txt
content/4_agency/clients/1_bakebakelove/hearty.svg,content/4_agency/clients/1_bakebakelove/bake-bake-love.svg
content/4_agency/clients/2_beautybox/assembly.svg,content/4_agency/clients/2_beautybox/beauty-box.svg
content/4_agency/clients/3_heinz-sons/easternwaves.svg,content/4_agency/clients/3_heinz-sons/heinz-and-sons.svg
content/4_agency/clients/4_spacecube/lines.svg,content/4_agency/clients/4_spacecube/space-cube.svg
content/4_agency/clients/5_campfire-solitude/lean.svg,content/4_agency/clients/5_campfire-solitude/campfire-solitude.svg
content/4_agency/clients/6_orange-superfood/dotty.svg,content/4_agency/clients/6_orange-superfood/orange-superfood.svg
kirby/vendor/phpmailer/phpmailer/language/phpmailer.lang-am.php,kirby/vendor/phpmailer/phpmailer/language/phpmailer.lang-hy.php
content/1_blog/20180926_himalaya-and-back/blog-article.txt,content/1_blog/20180913_himalaya-and-back/blog-article.txt
content/1_blog/20180926_himalaya-and-back/himalaya.jpg,content/1_blog/20180913_himalaya-and-back/himalaya.jpg,content/1_blog/20210913_himalaya-and-back/himalaya.jpg
content/1_blog/20180926_himalaya-and-back/himalaya.jpg.txt,content/1_blog/20180913_himalaya-and-back/himalaya.jpg.txt,content/1_blog/20210913_himalaya-and-back/himalaya.jpg.txt
content/1_blog/20180731_in-the-jungle-of-sumatra/blog-article.txt,content/1_blog/_drafts/in-the-jungle-of-sumatra/blog-article.txt,content/1_blog/20200731_in-the-jungle-of-sumatra/blog-article.txt
content/1_blog/20180731_in-the-jungle-of-sumatra/sumatra.jpg,content/1_blog/_drafts/in-the-jungle-of-sumatra/sumatra.jpg,content/1_blog/20200731_in-the-jungle-of-sumatra/sumatra.jpg
content/1_blog/20180731_in-the-jungle-of-sumatra/sumatra.jpg.txt,content/1_blog/_drafts/in-the-jungle-of-sumatra/sumatra.jpg.txt,content/1_blog/20200731_in-the-jungle-of-sumatra/sumatra.jpg.txt
content/1_blog/20181031_exploring-the-universe/dark-forest.jpg,content/1_blog/exploring-the-universe/dark-forest.jpg,content/1_blog/20181031_exploring-the-universe/dark-forest.jpg,content/1_blog/exploring-the-universe/dark-forest.jpg,content/1_blog/20181031_exploring-the-universe/dark-forest.jpg,content/1_blog/20220627_exploring-the-universe/dark-forest.jpg
content/1_blog/20181031_exploring-the-universe/dark-forest.jpg.txt,content/1_blog/exploring-the-universe/dark-forest.jpg.txt,content/1_blog/20181031_exploring-the-universe/dark-forest.jpg.txt,content/1_blog/exploring-the-universe/dark-forest.jpg.txt,content/1_blog/20181031_exploring-the-universe/dark-forest.jpg.txt,content/1_blog/20220627_exploring-the-universe/dark-forest.jpg.txt
content/1_blog/20181031_exploring-the-universe/universe.jpg,content/1_blog/exploring-the-universe/universe.jpg,content/1_blog/20181031_exploring-the-universe/universe.jpg,content/1_blog/exploring-the-universe/universe.jpg,content/1_blog/20181031_exploring-the-universe/universe.jpg,content/1_blog/20220627_exploring-the-universe/universe.jpg
kirby/config/blueprints/file.yml,kirby/config/blueprints/files/default.yml
kirby/config/blueprints/page.yml,kirby/config/blueprints/pages/default.yml
kirby/blocks/code/code.php,kirby/config/blocks/code/code.php
kirby/blocks/code/code.yml,kirby/config/blocks/code/code.yml
kirby/blocks/gallery/gallery.php,kirby/config/blocks/gallery/gallery.php
kirby/blocks/gallery/gallery.yml,kirby/config/blocks/gallery/gallery.yml
kirby/blocks/heading/heading.php,kirby/config/blocks/heading/heading.php
kirby/blocks/heading/heading.yml,kirby/config/blocks/heading/heading.yml
kirby/blocks/image/image.php,kirby/config/blocks/image/image.php
kirby/blocks/image/image.yml,kirby/config/blocks/image/image.yml
kirby/blocks/list/list.php,kirby/config/blocks/list/list.php
kirby/blocks/list/list.yml,kirby/config/blocks/list/list.yml
kirby/blocks/markdown/markdown.php,kirby/config/blocks/markdown/markdown.php
kirby/blocks/markdown/markdown.yml,kirby/config/blocks/markdown/markdown.yml
kirby/blocks/quote/quote.php,kirby/config/blocks/quote/quote.php
kirby/blocks/quote/quote.yml,kirby/config/blocks/quote/quote.yml
kirby/blocks/table/table.yml,kirby/config/blocks/table/table.yml
kirby/blocks/text/text.php,kirby/config/blocks/text/text.php
kirby/blocks/text/text.yml,kirby/config/blocks/text/text.yml
kirby/blocks/video/video.php,kirby/config/blocks/video/video.php
kirby/blocks/video/video.yml,kirby/config/blocks/video/video.yml
content/1_blog/20180926_himalaya-and-back/blog-article.txt,content/1_blog/20180913_himalaya-and-back/blog-article.txt
content/1_blog/20180926_himalaya-and-back/himalaya.jpg,content/1_blog/20180913_himalaya-and-back/himalaya.jpg
content/1_blog/20180926_himalaya-and-back/himalaya.jpg.txt,content/1_blog/20180913_himalaya-and-back/himalaya.jpg.txt
content/1_blog/20180731_in-the-jungle-of-sumatra/blog-article.txt,content/1_blog/_drafts/in-the-jungle-of-sumatra/blog-article.txt
content/1_blog/20180731_in-the-jungle-of-sumatra/sumatra.jpg,content/1_blog/_drafts/in-the-jungle-of-sumatra/sumatra.jpg
content/1_blog/20180731_in-the-jungle-of-sumatra/sumatra.jpg.txt,content/1_blog/_drafts/in-the-jungle-of-sumatra/sumatra.jpg.txt
kirby/config/blueprints/file.yml,kirby/config/blueprints/files/default.yml
kirby/config/blueprints/page.yml,kirby/config/blueprints/pages/default.yml
kirby/blocks/code/code.php,kirby/config/blocks/code/code.php
kirby/blocks/code/code.yml,kirby/config/blocks/code/code.yml
kirby/blocks/gallery/gallery.php,kirby/config/blocks/gallery/gallery.php
kirby/blocks/gallery/gallery.yml,kirby/config/blocks/gallery/gallery.yml
kirby/blocks/heading/heading.php,kirby/config/blocks/heading/heading.php
kirby/blocks/heading/heading.yml,kirby/config/blocks/heading/heading.yml
kirby/blocks/image/image.php,kirby/config/blocks/image/image.php
kirby/blocks/image/image.yml,kirby/config/blocks/image/image.yml
kirby/blocks/list/list.php,kirby/config/blocks/list/list.php
kirby/blocks/list/list.yml,kirby/config/blocks/list/list.yml
kirby/blocks/markdown/markdown.php,kirby/config/blocks/markdown/markdown.php
kirby/blocks/markdown/markdown.yml,kirby/config/blocks/markdown/markdown.yml
kirby/blocks/quote/quote.php,kirby/config/blocks/quote/quote.php
kirby/blocks/quote/quote.yml,kirby/config/blocks/quote/quote.yml
kirby/blocks/table/table.yml,kirby/config/blocks/table/table.yml
kirby/blocks/text/text.php,kirby/config/blocks/text/text.php
kirby/blocks/text/text.yml,kirby/config/blocks/text/text.yml
kirby/blocks/video/video.php,kirby/config/blocks/video/video.php
kirby/blocks/video/video.yml,kirby/config/blocks/video/video.yml
.build.php,.hooks.php
kirby/src/Cms/Asset.php,kirby/src/Filesystem/Asset.php
kirby/src/Toolkit/Dir.php,kirby/src/Filesystem/Dir.php
kirby/src/Toolkit/F.php,kirby/src/Filesystem/F.php
kirby/src/Cms/Filename.php,kirby/src/Filesystem/Filename.php
kirby/src/Toolkit/Mime.php,kirby/src/Filesystem/Mime.php
kirby/src/Cms/PanelPlugins.php,kirby/src/Panel/Plugins.php
kirby/vendor/true/punycode/LICENSE,kirby/vendor/symfony/polyfill-intl-normalizer/LICENSE
kirby/vendor/mustangostang/spyc/COPYING,kirby/dependencies/spyc/COPYING
content/1_blog/20180421_across-the-ocean/blog-article.txt,content/1_blog/20190421_across-the-ocean/blog-article.txt
content/1_blog/20180421_across-the-ocean/ocean.jpg,content/1_blog/20190421_across-the-ocean/ocean.jpg
content/1_blog/20180421_across-the-ocean/ocean.jpg.txt,content/1_blog/20190421_across-the-ocean/ocean.jpg.txt
content/1_blog/20180625_a-night-in-the-forest/blog-article.txt,content/1_blog/20210625_a-night-in-the-forest/blog-article.txt
content/1_blog/20180625_a-night-in-the-forest/forest.jpg,content/1_blog/20210625_a-night-in-the-forest/forest.jpg
content/1_blog/20180625_a-night-in-the-forest/forest.jpg.txt,content/1_blog/20210625_a-night-in-the-forest/forest.jpg.txt
content/1_blog/20180905_through-the-desert/blog-article.txt,content/1_blog/20210905_through-the-desert/blog-article.txt
content/1_blog/20180905_through-the-desert/desert.jpg,content/1_blog/20210905_through-the-desert/desert.jpg
content/1_blog/20180905_through-the-desert/desert.jpg.txt,content/1_blog/20210905_through-the-desert/desert.jpg.txt
content/1_blog/20181031_exploring-the-universe/blog-article.txt,content/1_blog/20220627_exploring-the-universe/blog-article.txt
content/1_blog/20181005_chasing-waterfalls/blog-article.txt,content/1_blog/chasing-waterfalls/blog-article.txt,content/1_blog/20201005_chasing-waterfalls/blog-article.txt
content/1_blog/20181005_chasing-waterfalls/waterfall.jpg,content/1_blog/chasing-waterfalls/waterfall.jpg,content/1_blog/20201005_chasing-waterfalls/waterfall.jpg
content/1_blog/20181005_chasing-waterfalls/waterfall.jpg.txt,content/1_blog/chasing-waterfalls/waterfall.jpg.txt,content/1_blog/20201005_chasing-waterfalls/waterfall.jpg.txt
content/3_shop/2_headphones/headphones.jpg,content/3_shop/3_headphones/headphones.jpg
content/3_shop/2_headphones/headphones.jpg.txt,content/3_shop/3_headphones/headphones.jpg.txt
content/3_shop/2_headphones/shop-product.txt,content/3_shop/3_headphones/shop-product.txt
content/3_shop/3_watch/shop-product.txt,content/3_shop/5_watch/shop-product.txt
content/3_shop/3_watch/watch.jpg,content/3_shop/5_watch/watch.jpg
content/3_shop/3_watch/watch.jpg.txt,content/3_shop/5_watch/watch.jpg.txt
content/3_shop/4_vase/shop-product.txt,content/3_shop/6_vase/shop-product.txt
content/3_shop/4_vase/vase.jpg,content/3_shop/6_vase/vase.jpg
content/3_shop/4_vase/vase.jpg.txt,content/3_shop/6_vase/vase.jpg.txt
content/3_shop/5_bike/bike.jpg,content/3_shop/7_bike/bike.jpg
content/3_shop/5_bike/bike.jpg.txt,content/3_shop/7_bike/bike.jpg.txt
content/3_shop/5_bike/shop-product.txt,content/3_shop/7_bike/shop-product.txt
content/3_shop/6_stool/shop-product.txt,content/3_shop/8_stool/shop-product.txt
content/3_shop/6_stool/stool.jpg,content/3_shop/8_stool/stool.jpg
content/3_shop/6_stool/stool.jpg.txt,content/3_shop/8_stool/stool.jpg.txt
kirby/vendor/psr/log/Psr/Log/InvalidArgumentException.php,kirby/vendor/psr/log/src/InvalidArgumentException.php
kirby/vendor/psr/log/Psr/Log/LogLevel.php,kirby/vendor/psr/log/src/LogLevel.php
kirby/vendor/psr/log/Psr/Log/LoggerAwareInterface.php,kirby/vendor/psr/log/src/LoggerAwareInterface.php
kirby/vendor/psr/log/Psr/Log/LoggerAwareTrait.php,kirby/vendor/psr/log/src/LoggerAwareTrait.php
kirby/vendor/psr/log/Psr/Log/LoggerInterface.php,kirby/vendor/psr/log/src/LoggerInterface.php
kirby/vendor/psr/log/Psr/Log/LoggerTrait.php,kirby/vendor/psr/log/src/LoggerTrait.php
kirby/vendor/psr/log/Psr/Log/NullLogger.php,kirby/vendor/psr/log/src/NullLogger.php
site/plugins/blog/collections/articles.php,site/collections/blog/articles.php
site/plugins/blog/snippets/pagination.php,site/snippets/blog/pagination.php
kirby/src/Cms/Template.php,kirby/src/Template/Template.php
kirby/vendor/league/color-extractor/src/League/ColorExtractor/Color.php,kirby/vendor/league/color-extractor/src/Color.php
kirby/vendor/league/color-extractor/src/League/ColorExtractor/ColorExtractor.php,kirby/vendor/league/color-extractor/src/ColorExtractor.php
kirby/vendor/league/color-extractor/src/League/ColorExtractor/Palette.php,kirby/vendor/league/color-extractor/src/Palette.php
kirby/i18n/rules/rm.json,kirby/i18n/rules/ro.json
kirby/panel/dist/js/vuedraggable.js,kirby/panel/dist/js/vuedraggable.min.js
kirby/src/Cms/Content.php,kirby/src/Content/Content.php
kirby/src/Cms/ContentTranslation.php,kirby/src/Content/ContentTranslation.php
kirby/src/Cms/Field.php,kirby/src/Content/Field.php
content/4_agency/team/0_ajo-ogunsei/zahir.jpg,content/4_agency/team/0_ajo-ogunsei/ajo.jpg
site/config/config.trykirby.com.php,site/config/config.de.trykirby.com.php,site/config/config.zone1.trykirby.com.php
site/config/config.staging.trykirby.com.php,site/config/config.staging.de.trykirby.com.php,site/config/config.staging.zone1.trykirby.com.php
