lib/configproxy.js,multiuser_notebook/js/configproxy.js,multiuser/js/configproxy.js,jupyterhub/js/configproxy.js,lib/configproxy.js
proxy.js,multiuser_notebook/js/main.js,multiuser/js/main.js,jupyterhub/js/main.js,lib/main.js
multiuser.py,multiuser_notebook/multiuser.py,multiuser/multiuser.py
singleuser.py,multiuser_notebook/singleuser.py,multiuser/singleuser.py,jupyterhub/singleuserapp.py,jupyterhub/singleuser.py,jupyterhub/singleuser/mixins.py
login.html,multiuser_notebook/templates/login.html,multiuser/templates/login.html,jupyterhub/templates/login.html,share/jupyter/templates/login.html,share/jupyter/hub/templates/login.html,share/jupyterhub/templates/login.html
multiuser_notebook/__init__.py,multiuser/__init__.py,jupyterhub/__init__.py
multiuser_notebook/__main__.py,multiuser/__main__.py,jupyterhub/__main__.py
multiuser_notebook/headers.py,multiuser/headers.py
multiuser_notebook/templates/singleuser.html,multiuser/templates/singleuser.html
multiuser/app.py,jupyterhub/app.py
multiuser/db.py,jupyterhub/db.py,jupyterhub/orm.py
multiuser/handlers.py,jupyterhub/handlers.py,jupyterhub/handlers/base.py
multiuser/spawner.py,jupyterhub/spawner.py
multiuser/tests/__init__.py,jupyterhub/tests/__init__.py
multiuser/tests/test_db.py,jupyterhub/tests/test_db.py,jupyterhub/tests/test_orm.py
multiuser/utils.py,jupyterhub/utils.py
examples/postgres_db/README.md,examples/postgres/README.md
examples/postgres_db/initdb.sh,examples/postgres/db/initdb.sh
examples/postgres/hub/jupyter_hub_config.py,examples/postgres/hub/jupyterhub_config.py
examples/sudo/jupyter_hub_config.py,examples/sudo/jupyterhub_config.py
share/jupyter/static/favicon.ico,share/jupyter/hub/static/favicon.ico,share/jupyterhub/static/favicon.ico
share/jupyter/static/images/jupyterhub-80.png,share/jupyter/hub/static/images/jupyterhub-80.png,share/jupyterhub/static/images/jupyterhub-80.png
share/jupyter/static/js/admin.js,share/jupyter/hub/static/js/admin.js,share/jupyterhub/static/js/admin.js
share/jupyter/static/js/home.js,share/jupyter/hub/static/js/home.js,share/jupyterhub/static/js/home.js
share/jupyter/static/js/jhapi.js,share/jupyter/hub/static/js/jhapi.js,share/jupyterhub/static/js/jhapi.js
share/jupyter/static/js/utils.js,share/jupyter/hub/static/js/utils.js,share/jupyterhub/static/js/utils.js
share/jupyter/static/less/error.less,share/jupyter/hub/static/less/error.less,share/jupyterhub/static/less/error.less,share/jupyterhub/static/scss/error.scss
share/jupyter/static/less/login.less,share/jupyter/hub/static/less/login.less,share/jupyterhub/static/less/login.less,share/jupyterhub/static/scss/login.scss
share/jupyter/static/less/logout.less,share/jupyter/hub/static/less/logout.less
share/jupyter/static/less/page.less,share/jupyter/hub/static/less/page.less,share/jupyterhub/static/less/page.less,share/jupyterhub/static/scss/page.scss
share/jupyter/static/less/style.less,share/jupyter/hub/static/less/style.less,share/jupyterhub/static/less/style.less
share/jupyter/static/less/variables.less,share/jupyter/hub/static/less/variables.less,share/jupyterhub/static/less/variables.less
share/jupyter/templates/404.html,share/jupyter/hub/templates/404.html,share/jupyterhub/templates/404.html
share/jupyter/templates/admin.html,share/jupyter/hub/templates/admin.html,share/jupyterhub/templates/admin.html
share/jupyter/templates/error.html,share/jupyter/hub/templates/error.html,share/jupyterhub/templates/error.html
share/jupyter/templates/home.html,share/jupyter/hub/templates/home.html,share/jupyterhub/templates/home.html
share/jupyter/templates/index.html,share/jupyter/hub/templates/index.html
share/jupyter/templates/logout.html,share/jupyter/hub/templates/logout.html,share/jupyterhub/templates/logout.html
share/jupyter/templates/page.html,share/jupyter/hub/templates/page.html,share/jupyterhub/templates/page.html
share/jupyter/templates/spawn_pending.html,share/jupyter/hub/templates/spawn_pending.html,share/jupyterhub/templates/spawn_pending.html
docs/authenticators.md,docs/source/authenticators.md,docs/source/reference/authenticators.md,docs/source/reference/technical-reference/subsystems/authenticators.md,docs/source/reference/authenticators.md,docs/source/reference/technical-reference/subsystems/authenticators.md,docs/source/reference/authenticators.md
docs/changelog.md,docs/source/changelog.md,docs/source/reference/technical-reference/changelog/changelog.md,docs/source/changelog.md,docs/source/reference/technical-reference/changelog/changelog.md,docs/source/reference/changelog.md
docs/getting-started.md,docs/source/getting-started.md
docs/howitworks.md,docs/source/howitworks.md
docs/spawners.md,docs/source/spawners.md,docs/source/reference/spawners.md,docs/source/reference/technical-reference/subsystems/spawners.md,docs/source/reference/spawners.md,docs/source/reference/technical-reference/subsystems/spawners.md,docs/source/reference/spawners.md
docs/images/spawn-form.png,docs/source/images/spawn-form.png
docs/doc-requirements.txt,docs/requirements.txt
Dockerfile.onbuild,onbuild/Dockerfile
docs/source/api/rest.md,docs/source/rest.md,docs/source/reference/rest.md,docs/source/howto/rest.md
examples/service-whoami/launch.sh,examples/service-whoami-flask/launch.sh
docs/source/jupyterhub-aws-setup.md,docs/source/jupyterhub-deployment-aws.md
docs/source/user-guide.rst,docs/source/installation-guide.rst,docs/source/installation-guide.md
docs/source/authenticators-users-basics.md,docs/source/getting-started/authenticators-users-basics.md,docs/source/tutorial/getting-started/authenticators-users-basics.md
docs/source/config-basics.md,docs/source/getting-started/config-basics.md,docs/source/tutorial/getting-started/config-basics.md
docs/source/getting-started.rst,docs/source/getting-started/index.rst,docs/source/getting-started/index.md
docs/source/networking-basics.md,docs/source/getting-started/networking-basics.md,docs/source/tutorial/getting-started/networking-basics.md
docs/source/security-basics.rst,docs/source/getting-started/security-basics.rst
docs/source/services-basics.md,docs/source/getting-started/services-basics.md,docs/source/tutorial/getting-started/services-basics.md
docs/source/spawners-basics.md,docs/source/getting-started/spawners-basics.md,docs/source/tutorial/getting-started/spawners-basics.md
docs/source/config-examples.md,docs/source/reference/config-examples.md
docs/source/configuration-guide.rst,docs/source/reference/index.rst
docs/source/services.md,docs/source/reference/services.md,docs/source/reference/technical-reference/configuration/services.md,docs/source/reference/services.md,docs/source/reference/technical-reference/configuration/services.md,docs/source/reference/services.md
docs/source/technical-overview.md,docs/source/reference/technical-overview.md,docs/source/reference/technical-reference/technical-overview.md,docs/source/reference/technical-overview.md,docs/source/reference/technical-reference/technical-overview.md,docs/source/reference/technical-overview.md
docs/source/upgrading.md,docs/source/reference/upgrading.md
docs/source/websecurity.md,docs/source/reference/websecurity.md,docs/source/background/admin/websecurity.md,docs/source/explanation/admin/websecurity.md,docs/source/explanation/websecurity.md
examples/service-whoami-flask/whoami.py,examples/service-whoami/whoami-oauth.py
test-db-upgrade/docker-db.sh,ci/docker-db.sh
test-db-upgrade/init-db.sh,ci/init-db.sh
dockerfiles/Dockerfile.base,dockerfiles/Dockerfile.alpine
share/jupyter/hub/static/images/jupyter.png,share/jupyterhub/static/images/jupyter.png
share/jupyter/hub/static/js/token.js,share/jupyterhub/static/js/token.js
share/jupyter/hub/static/less/admin.less,share/jupyterhub/static/less/admin.less,share/jupyterhub/static/scss/admin.scss
share/jupyter/hub/templates/spawn.html,share/jupyterhub/templates/spawn.html
share/jupyter/hub/templates/token.html,share/jupyterhub/templates/token.html
.github/issue_template.md,.github/ISSUE_TEMPLATE/issue_template.md
jupyterhub/oauth/store.py,jupyterhub/oauth/provider.py
PULL_REQUEST_TEMPLATE.md,.github/PULL_REQUEST_TEMPLATE/PULL_REQUEST_TEMPLATE.md
docs/generator.py,docs/generate-metrics.py
docs/source/monitoring/index.rst,docs/source/reference/monitoring.rst
docs/source/installation-guide-hard.md,docs/source/installation-guide-hard.rst
jsx/src/components/AddUser/AddUser.pre.jsx,jsx/src/components/AddUser/AddUser.jsx
jsx/src/components/CreateGroup/CreateGroup.pre.jsx,jsx/src/components/CreateGroup/CreateGroup.jsx
jsx/src/components/EditUser/EditUser.pre.jsx,jsx/src/components/EditUser/EditUser.jsx
jsx/src/components/GroupEdit/GroupEdit.pre.jsx,jsx/src/components/GroupEdit/GroupEdit.jsx
jsx/src/components/Groups/Groups.pre.jsx,jsx/src/components/Groups/Groups.jsx
jsx/src/components/ServerDashboard/ServerDashboard.pre.jsx,jsx/src/components/ServerDashboard/ServerDashboard.jsx
docs/rest-api.yml,docs/source/_static/rest-api.yml
readthedocs.yml,.readthedocs.yaml
ci/mock-gevent/gevent.py,ci/mock-greenlet/greenlet.py
ci/mock-gevent/pyproject.toml,ci/mock-greenlet/pyproject.toml
docs/source/api/index.rst,docs/source/api/index.md
docs/source/api/proxy.rst,docs/source/api/proxy.md,docs/source/reference/api-reference/proxy.md,docs/source/api/proxy.md,docs/source/reference/api-reference/proxy.md,docs/source/reference/reference-api/proxy.md,docs/source/reference/api/proxy.md
docs/source/api/service.rst,docs/source/api/service.md,docs/source/reference/api-reference/service.md,docs/source/api/service.md,docs/source/reference/api-reference/service.md,docs/source/reference/reference-api/service.md,docs/source/reference/api/service.md
docs/source/api/spawner.rst,docs/source/api/spawner.md,docs/source/reference/api-reference/spawner.md,docs/source/api/spawner.md,docs/source/reference/api-reference/spawner.md,docs/source/reference/reference-api/spawner.md,docs/source/reference/api/spawner.md
docs/source/api/user.rst,docs/source/api/user.md,docs/source/reference/api-reference/user.md,docs/source/api/user.md,docs/source/reference/api-reference/user.md,docs/source/reference/reference-api/user.md,docs/source/reference/api/user.md
docs/source/events/server-actions.rst,docs/source/events/server-actions.md,docs/source/reference/server-actions.md
docs/source/index-about.rst,docs/source/index-about.md
docs/source/installation-basics.md,docs/source/tutorial/installation/installation-basics.md,docs/source/tutorial/installation-basics.md
docs/source/quickstart-docker.md,docs/source/tutorial/installation/quickstart-docker.md,docs/source/tutorial/quickstart-docker.md
docs/source/quickstart.md,docs/source/tutorial/installation/quickstart.md,docs/source/tutorial/quickstart.md
docs/source/getting-started/faq.md,docs/source/faq/faq.md
docs/source/getting-started/institutional-faq.md,docs/source/faq/institutional-faq.md
docs/source/troubleshooting.md,docs/source/faq/troubleshooting.md
docs/source/reference/api-only.md,docs/source/howto/api-only.md
docs/source/reference/proxy.md,docs/source/howto/proxy.md
docs/source/reference/separate-proxy.md,docs/source/howto/separate-proxy.md
docs/source/reference/templates.md,docs/source/howto/templates.md
docs/source/admin/upgrading.md,docs/source/howto/upgrading.md
docs/source/reference/config-ghoauth.md,docs/source/howto/configuration/config-ghoauth.md
docs/source/reference/config-proxy.md,docs/source/howto/configuration/config-proxy.md
docs/source/reference/config-sudo.md,docs/source/howto/configuration/config-sudo.md
docs/source/reference/config-user-env.md,docs/source/howto/configuration/config-user-env.md
docs/source/admin/log-messages.md,docs/source/howto/log-messages.md
docs/source/reference/server-api.md,docs/source/tutorial/api/server-api.md,docs/source/tutorial/server-api.md
docs/source/getting-started/security-basics.md,docs/source/tutorial/getting-started/security-basics.md
docs/source/contributor-list.md,docs/source/background/about/contributor-list.md,docs/source/contributor-list.md,docs/source/contributing/contributor-list.md
docs/source/gallery-jhub-deployments.md,docs/source/background/about/gallery-jhub-deployments.md,docs/source/gallery-jhub-deployments.md,docs/source/reference/technical-reference/deployments/gallery-jhub-deployments.md,docs/source/gallery-jhub-deployments.md,docs/source/reference/technical-reference/deployments/gallery-jhub-deployments.md,docs/source/reference/gallery-jhub-deployments.md
docs/source/admin/capacity-planning.md,docs/source/background/admin/capacity-planning.md,docs/source/explanation/admin/capacity-planning.md,docs/source/explanation/capacity-planning.md
docs/source/reference/database.md,docs/source/background/admin/database.md,docs/source/explanation/admin/database.md,docs/source/explanation/database.md
docs/source/reference/oauth.md,docs/source/background/admin/oauth.md,docs/source/explanation/admin/oauth.md,docs/source/explanation/oauth.md
docs/source/api/app.md,docs/source/reference/api-reference/app.md,docs/source/api/app.md,docs/source/reference/api-reference/app.md,docs/source/reference/reference-api/app.md,docs/source/reference/api/app.md
docs/source/api/auth.md,docs/source/reference/api-reference/auth.md,docs/source/api/auth.md,docs/source/reference/api-reference/auth.md,docs/source/reference/reference-api/auth.md,docs/source/reference/api/auth.md
docs/source/api/services.auth.md,docs/source/reference/api-reference/services.auth.md,docs/source/api/services.auth.md,docs/source/reference/api-reference/services.auth.md,docs/source/reference/reference-api/services.auth.md,docs/source/reference/api/services.auth.md
docs/source/reference/config-reference.md,docs/source/reference/technical-reference/configuration/config-reference.md,docs/source/reference/config-reference.md,docs/source/reference/technical-reference/configuration/config-reference.md,docs/source/reference/config-reference.md
docs/source/reference/urls.md,docs/source/reference/technical-reference/configuration/urls.md,docs/source/reference/urls.md,docs/source/reference/technical-reference/configuration/urls.md,docs/source/reference/urls.md
docs/source/reference/monitoring.md,docs/source/reference/technical-reference/monitoring/monitoring.md,docs/source/reference/monitoring.md,docs/source/reference/technical-reference/monitoring/monitoring.md,docs/source/reference/monitoring.md
docs/source/events/index.md,docs/source/reference/event-logging.md
docs/source/reference/reference-api/index.md,docs/source/reference/api/index.md
.github/dependabot.yml,.github/dependabot.yaml
ci/oldest-dependencies/requirements.txt,ci/oldest-dependencies/requirements.old
