lang/german.php,lang/de.php
lang/english.php,lang/en.php
lang/french.php,lang/fr.php
images/nt.png,images/nt_machine.png,htdocs/images/nt_machine.png,htdocs/images/default/nt_machine.png
lang/ct.php,lang/ca.php
lang/recoded/ct.php,lang/recoded/ca.php
config.php.example,config/config.php.example
add_attr.php,htdocs/add_attr.php
add_attr_form.php,htdocs/add_attr_form.php
add_oclass.php,htdocs/add_oclass.php
add_oclass_form.php,htdocs/add_oclass_form.php
add_value.php,htdocs/add_value.php
add_value_form.php,htdocs/add_value_form.php
collapse.php,htdocs/collapse.php
compare.php,htdocs/compare.php
compare_form.php,htdocs/compare_form.php
copy.php,htdocs/copy.php
copy_form.php,htdocs/copy_form.php
create.php,htdocs/create.php
create_form.php,htdocs/create_form.php
creation_template.php,htdocs/creation_template.php
style.css,htdocs/css/style.css,htdocs/css/default/style.css
delete.php,htdocs/delete.php
delete_attr.php,htdocs/delete_attr.php
delete_form.php,htdocs/delete_form.php
documentation.php,htdocs/documentation.php
donate.php,htdocs/donate.php
download_binary_attr.php,htdocs/download_binary_attr.php
edit.php,htdocs/edit.php
entry_chooser.php,htdocs/entry_chooser.php
expand.php,htdocs/expand.php
export.php,htdocs/export.php
export_form.php,htdocs/export_form.php
header.php,htdocs/header.php
help.php,htdocs/help.php
images/add.png,htdocs/images/add.png,htdocs/images/default/add.png
images/bug.png,htdocs/images/bug.png,htdocs/images/default/bug.png
images/catalog.png,htdocs/images/catalog.png,htdocs/images/default/catalog.png
images/children.png,htdocs/images/children.png,htdocs/images/default/children.png
images/compare.png,htdocs/images/compare.png,htdocs/images/default/compare.png
images/countries/af.png,htdocs/images/countries/af.png
images/countries/al.png,htdocs/images/countries/al.png
images/countries/am.png,htdocs/images/countries/am.png
images/countries/an.png,htdocs/images/countries/an.png
images/countries/ao.png,htdocs/images/countries/ao.png
images/countries/ar.png,htdocs/images/countries/ar.png
images/countries/at.png,htdocs/images/countries/at.png
images/countries/au.png,htdocs/images/countries/au.png
images/countries/aw.png,htdocs/images/countries/aw.png
images/countries/az.png,htdocs/images/countries/az.png
images/countries/ba.png,htdocs/images/countries/ba.png
images/countries/bb.png,htdocs/images/countries/bb.png
images/countries/bd.png,htdocs/images/countries/bd.png
images/countries/be.png,htdocs/images/countries/be.png
images/countries/bf.png,htdocs/images/countries/bf.png
images/countries/bg.png,htdocs/images/countries/bg.png
images/countries/bh.png,htdocs/images/countries/bh.png
images/countries/bi.png,htdocs/images/countries/bi.png
images/countries/bj.png,htdocs/images/countries/bj.png
images/countries/bm.png,htdocs/images/countries/bm.png
images/countries/bn.png,htdocs/images/countries/bn.png
images/countries/bo.png,htdocs/images/countries/bo.png
images/countries/br.png,htdocs/images/countries/br.png
images/countries/bs.png,htdocs/images/countries/bs.png
images/countries/bt.png,htdocs/images/countries/bt.png
images/countries/bw.png,htdocs/images/countries/bw.png
images/countries/by.png,htdocs/images/countries/by.png
images/countries/bz.png,htdocs/images/countries/bz.png
images/countries/ca.png,htdocs/images/countries/ca.png
images/countries/cf.png,htdocs/images/countries/cf.png
images/countries/cg.png,htdocs/images/countries/cg.png
images/countries/ch.png,htdocs/images/countries/ch.png
images/countries/ci.png,htdocs/images/countries/ci.png
images/countries/ck.png,htdocs/images/countries/ck.png
images/countries/cl.png,htdocs/images/countries/cl.png
images/countries/cm.png,htdocs/images/countries/cm.png
images/countries/cn.png,htdocs/images/countries/cn.png
images/countries/co.png,htdocs/images/countries/co.png
images/countries/cr.png,htdocs/images/countries/cr.png
images/countries/cu.png,htdocs/images/countries/cu.png
images/countries/cv.png,htdocs/images/countries/cv.png
images/countries/cy.png,htdocs/images/countries/cy.png
images/countries/cz.png,htdocs/images/countries/cz.png
images/countries/de.png,htdocs/images/countries/de.png
images/countries/dk.png,htdocs/images/countries/dk.png
images/countries/dz.png,htdocs/images/countries/dz.png
images/countries/ec.png,htdocs/images/countries/ec.png
images/countries/ee.png,htdocs/images/countries/ee.png
images/countries/eg.png,htdocs/images/countries/eg.png
images/countries/er.png,htdocs/images/countries/er.png
images/countries/es.png,htdocs/images/countries/es.png
images/countries/et.png,htdocs/images/countries/et.png
images/countries/fi.png,htdocs/images/countries/fi.png
images/countries/fj.png,htdocs/images/countries/fj.png
images/countries/fo.png,htdocs/images/countries/fo.png
images/countries/fr.png,htdocs/images/countries/fr.png
images/countries/ga.png,htdocs/images/countries/ga.png
images/countries/gb.png,htdocs/images/countries/gb.png
images/countries/ge.png,htdocs/images/countries/ge.png
images/countries/gi.png,htdocs/images/countries/gi.png
images/countries/gl.png,htdocs/images/countries/gl.png
images/countries/gp.png,htdocs/images/countries/gp.png
images/countries/gr.png,htdocs/images/countries/gr.png
images/countries/gt.png,htdocs/images/countries/gt.png
images/countries/gu.png,htdocs/images/countries/gu.png
images/countries/gy.png,htdocs/images/countries/gy.png
images/countries/hk.png,htdocs/images/countries/hk.png
images/countries/hr.png,htdocs/images/countries/hr.png
images/countries/ht.png,htdocs/images/countries/ht.png
images/countries/hu.png,htdocs/images/countries/hu.png
images/countries/id.png,htdocs/images/countries/id.png
images/countries/ie.png,htdocs/images/countries/ie.png
images/countries/il.png,htdocs/images/countries/il.png
images/countries/in.png,htdocs/images/countries/in.png
images/countries/iq.png,htdocs/images/countries/iq.png
images/countries/ir.png,htdocs/images/countries/ir.png
images/countries/is.png,htdocs/images/countries/is.png
images/countries/it.png,htdocs/images/countries/it.png
images/countries/jm.png,htdocs/images/countries/jm.png
images/countries/jo.png,htdocs/images/countries/jo.png
images/countries/jp.png,htdocs/images/countries/jp.png
images/countries/ke.png,htdocs/images/countries/ke.png
images/countries/kg.png,htdocs/images/countries/kg.png
images/countries/kh.png,htdocs/images/countries/kh.png
images/countries/ki.png,htdocs/images/countries/ki.png
images/countries/kp.png,htdocs/images/countries/kp.png
images/countries/kr.png,htdocs/images/countries/kr.png
images/countries/ky.png,htdocs/images/countries/ky.png
images/countries/kz.png,htdocs/images/countries/kz.png
images/countries/lb.png,htdocs/images/countries/lb.png
images/countries/lc.png,htdocs/images/countries/lc.png
images/countries/lk.png,htdocs/images/countries/lk.png
images/countries/lt.png,htdocs/images/countries/lt.png
images/countries/lu.png,htdocs/images/countries/lu.png
images/countries/lv.png,htdocs/images/countries/lv.png
images/countries/ly.png,htdocs/images/countries/ly.png
images/countries/ma.png,htdocs/images/countries/ma.png
images/countries/mc.png,htdocs/images/countries/mc.png
images/countries/md.png,htdocs/images/countries/md.png
images/countries/mg.png,htdocs/images/countries/mg.png
images/countries/mn.png,htdocs/images/countries/mn.png
images/countries/mo.png,htdocs/images/countries/mo.png
images/countries/mp.png,htdocs/images/countries/mp.png
images/countries/ms.png,htdocs/images/countries/ms.png
images/countries/mt.png,htdocs/images/countries/mt.png
images/countries/mx.png,htdocs/images/countries/mx.png
images/countries/my.png,htdocs/images/countries/my.png
images/countries/mz.png,htdocs/images/countries/mz.png
images/countries/na.png,htdocs/images/countries/na.png
images/countries/nc.png,htdocs/images/countries/nc.png
images/countries/nf.png,htdocs/images/countries/nf.png
images/countries/nl.png,htdocs/images/countries/nl.png
images/countries/no.png,htdocs/images/countries/no.png
images/countries/np.png,htdocs/images/countries/np.png
images/countries/nr.png,htdocs/images/countries/nr.png
images/countries/nz.png,htdocs/images/countries/nz.png
images/countries/om.png,htdocs/images/countries/om.png
images/countries/pa.png,htdocs/images/countries/pa.png
images/countries/pe.png,htdocs/images/countries/pe.png
images/countries/pf.png,htdocs/images/countries/pf.png
images/countries/ph.png,htdocs/images/countries/ph.png
images/countries/pk.png,htdocs/images/countries/pk.png
images/countries/pl.png,htdocs/images/countries/pl.png
images/countries/pm.png,htdocs/images/countries/pm.png
images/countries/pr.png,htdocs/images/countries/pr.png
images/countries/pt.png,htdocs/images/countries/pt.png
images/countries/py.png,htdocs/images/countries/py.png
images/countries/qa.png,htdocs/images/countries/qa.png
images/countries/ro.png,htdocs/images/countries/ro.png
images/countries/ru.png,htdocs/images/countries/ru.png
images/countries/sa.png,htdocs/images/countries/sa.png
images/countries/sb.png,htdocs/images/countries/sb.png
images/countries/sd.png,htdocs/images/countries/sd.png
images/countries/se.png,htdocs/images/countries/se.png
images/countries/sg.png,htdocs/images/countries/sg.png
images/countries/si.png,htdocs/images/countries/si.png
images/countries/sk.png,htdocs/images/countries/sk.png
images/countries/sl.png,htdocs/images/countries/sl.png
images/countries/so.png,htdocs/images/countries/so.png
images/countries/sr.png,htdocs/images/countries/sr.png
images/countries/sy.png,htdocs/images/countries/sy.png
images/countries/tc.png,htdocs/images/countries/tc.png
images/countries/tg.png,htdocs/images/countries/tg.png
images/countries/th.png,htdocs/images/countries/th.png
images/countries/tn.png,htdocs/images/countries/tn.png
images/countries/to.png,htdocs/images/countries/to.png
images/countries/tp.png,htdocs/images/countries/tp.png
images/countries/tr.png,htdocs/images/countries/tr.png
images/countries/tt.png,htdocs/images/countries/tt.png
images/countries/tv.png,htdocs/images/countries/tv.png
images/countries/tw.png,htdocs/images/countries/tw.png
images/countries/tz.png,htdocs/images/countries/tz.png
images/countries/ua.png,htdocs/images/countries/ua.png
images/countries/ug.png,htdocs/images/countries/ug.png
images/countries/us.png,htdocs/images/countries/us.png
images/countries/uy.png,htdocs/images/countries/uy.png
images/countries/va.png,htdocs/images/countries/va.png
images/countries/ve.png,htdocs/images/countries/ve.png
images/countries/vg.png,htdocs/images/countries/vg.png
images/countries/vi.png,htdocs/images/countries/vi.png
images/countries/vn.png,htdocs/images/countries/vn.png
images/countries/ws.png,htdocs/images/countries/ws.png
images/countries/ye.png,htdocs/images/countries/ye.png
images/countries/yu.png,htdocs/images/countries/yu.png
images/countries/za.png,htdocs/images/countries/za.png
images/countries/zw.png,htdocs/images/countries/zw.png
images/country.png,htdocs/images/country.png,htdocs/images/default/country.png
images/cut.png,htdocs/images/cut.png,htdocs/images/default/cut.png
images/dc.png,htdocs/images/dc.png,htdocs/images/default/dc.png,htdocs/images/default/ldap-dc.png
images/device.png,htdocs/images/device.png,htdocs/images/default/device.png
images/document.png,htdocs/images/document.png,htdocs/images/default/document.png
images/door.png,htdocs/images/door.png,htdocs/images/default/door.png
images/error.png,htdocs/images/error.png,htdocs/images/default/error.png
images/files.png,htdocs/images/files.png,htdocs/images/default/files.png
images/find.png,htdocs/images/find.png,htdocs/images/default/find.png
images/folder.png,htdocs/images/folder.png,htdocs/images/default/folder.png
images/go.png,htdocs/images/go.png,htdocs/images/default/go.png,htdocs/images/default/ldap-alias.png
images/hard-drive.png,htdocs/images/hard-drive.png,htdocs/images/default/hard-drive.png
images/help.png,htdocs/images/help.png,htdocs/images/default/help.png
images/home.png,htdocs/images/home.png,htdocs/images/default/home.png
images/host.png,htdocs/images/host.png,htdocs/images/default/host.png
images/index.php,htdocs/images/index.php,htdocs/images/default/index.php
images/info.png,htdocs/images/info.png,htdocs/images/default/info.png
images/ldap-server.png,htdocs/images/ldap-server.png,htdocs/images/default/ldap-server.png
images/light.png,htdocs/images/light.png,htdocs/images/default/light.png
images/locality.png,htdocs/images/locality.png,htdocs/images/default/locality.png
images/lock.png,htdocs/images/lock.png,htdocs/images/default/lock.png
images/logo.jpg,htdocs/images/logo.jpg
images/logo_small.jpg,htdocs/images/logo_small.jpg
images/mail.png,htdocs/images/mail.png,htdocs/images/default/mail.png
images/mail_account.png,htdocs/images/mail_account.png,htdocs/images/default/mail_account.png
images/mail_alias.png,htdocs/images/mail_alias.png,htdocs/images/default/mail_alias.png
images/minus.png,htdocs/images/minus.png,htdocs/images/default/minus.png
images/move.png,htdocs/images/move.png,htdocs/images/default/move.png
images/n.png,htdocs/images/n.png,htdocs/images/default/n.png
images/network.png,htdocs/images/network.png,htdocs/images/default/network.png
images/nt_user.png,htdocs/images/nt_user.png,htdocs/images/default/nt_user.png
images/o.png,htdocs/images/o.png,htdocs/images/default/o.png,htdocs/images/default/ldap-o.png
images/object.png,htdocs/images/object.png,htdocs/images/default/object.png,htdocs/images/default/ldap-default.png
images/ou.png,htdocs/images/ou.png,htdocs/images/default/ou.png,htdocs/images/default/ldap-ou.png
images/paypal-donate.png,htdocs/images/paypal-donate.png,htdocs/images/default/paypal-donate.png
images/phone.png,htdocs/images/phone.png,htdocs/images/default/phone.png
images/photo.png,htdocs/images/photo.png,htdocs/images/default/photo.png
images/plus.png,htdocs/images/plus.png,htdocs/images/default/plus.png
images/process.png,htdocs/images/process.png,htdocs/images/default/process.png
images/refresh.png,htdocs/images/refresh.png,htdocs/images/default/refresh.png
images/rename.png,htdocs/images/rename.png,htdocs/images/default/rename.png
images/rfc.png,htdocs/images/rfc.png,htdocs/images/default/rfc.png
images/save.png,htdocs/images/save.png,htdocs/images/default/save.png
images/server-settings.png,htdocs/images/server-settings.png,htdocs/images/default/server-settings.png
images/server-small.png,htdocs/images/server-small.png,htdocs/images/default/server-small.png
images/server.png,htdocs/images/server.png,htdocs/images/default/server.png
images/smile.png,htdocs/images/smile.png,htdocs/images/default/smile.png
images/star.png,htdocs/images/star.png,htdocs/images/default/star.png,htdocs/images/default/create.png
images/terminal.png,htdocs/images/terminal.png,htdocs/images/default/terminal.png
images/timeout.png,htdocs/images/timeout.png,htdocs/images/default/timeout.png
images/tools-no.png,htdocs/images/tools-no.png,htdocs/images/default/tools-no.png
images/tools.png,htdocs/images/tools.png,htdocs/images/default/tools.png
images/trash.png,htdocs/images/trash.png,htdocs/images/default/trash.png
images/uid.png,htdocs/images/uid.png,htdocs/images/default/uid.png,htdocs/images/default/ldap-uid.png
images/uniquegroup.png,htdocs/images/uniquegroup.png,htdocs/images/default/uniquegroup.png,htdocs/images/default/ldap-uniquegroup.png
images/unknown.png,htdocs/images/unknown.png,htdocs/images/default/unknown.png
images/up.png,htdocs/images/up.png,htdocs/images/default/up.png
images/user.png,htdocs/images/user.png,htdocs/images/default/user.png,htdocs/images/default/ldap-user.png
images/warning.png,htdocs/images/warning.png,htdocs/images/error-big.png,htdocs/images/default/error-big.png
images/warning_small.png,htdocs/images/warning_small.png
index.php,htdocs/index.php
entry_chooser.js,htdocs/js/entry_chooser.js,htdocs/js/dnChooserPopup.js
generic_utils.js,htdocs/js/generic_utils.js
ie_png_work_around.js,htdocs/js/ie_png_work_around.js
search_util.js,htdocs/js/search_util.js
ldif_import.php,htdocs/ldif_import.php
ldif_import_form.php,htdocs/ldif_import_form.php,htdocs/import_form.php
login.php,htdocs/login.php
login_form.php,htdocs/login_form.php
logout.php,htdocs/logout.php
mass_delete.php,htdocs/mass_delete.php
password_checker.php,htdocs/password_checker.php
purge_cache.php,htdocs/purge_cache.php
rdelete.php,htdocs/rdelete.php
refresh.php,htdocs/refresh.php
rename.php,htdocs/rename.php
rename_form.php,htdocs/rename_form.php
schema.php,htdocs/schema.php
search.php,htdocs/search.php
server_info.php,htdocs/server_info.php
template_engine.php,htdocs/template_engine.php
timeout.php,htdocs/timeout.php
tree.php,htdocs/tree.php
update.php,htdocs/update.php
update_confirm.php,htdocs/update_confirm.php
view_jpeg_photo.php,htdocs/view_jpeg_photo.php
welcome.php,htdocs/welcome.php
blowfish.php,lib/blowfish.php
common.php,lib/common.php
config_default.php,lib/config_default.php
custom_functions.php,lib/custom_functions.php
emuhash_functions.php,lib/emuhash_functions.php
export_functions.php,lib/export_functions.php
functions.php,lib/functions.php
hooks.php,lib/hooks.php
ldap_error_codes.txt,lib/ldap_error_codes.txt
ldap_supported_oids.txt,lib/ldap_supported_oids.txt
ldif_functions.php,lib/ldif_functions.php
schema_functions.php,lib/schema_functions.php
search_form_advanced.php,lib/search_form_advanced.php
search_form_predefined.php,lib/search_form_predefined.php
search_form_simple.php,lib/search_form_simple.php
search_results_list.php,lib/search_results_list.php
search_results_table.php,lib/search_results_table.php
server_functions.php,lib/server_functions.php
session_functions.php,lib/session_functions.php
syslog.php,lib/syslog.php
template_functions.php,lib/template_functions.php
timeout_functions.php,lib/timeout_functions.php
tree_functions.php,lib/tree_functions.php
check_lang_files.php,tools/check_lang_files.php
unit_test.php,tools/unit_test.php
templates/SUSE-posixGroup.xml,templates/creation/SUSE-posixGroup.xml
templates/SUSE-sambaGroupMapping.xml,templates/creation/SUSE-sambaGroupMapping.xml
templates/alias.xml,templates/creation/alias.xml
templates/courierMailAccount.xml,templates/creation/courierMailAccount.xml
templates/courierMailAlias.xml,templates/creation/courierMailAlias.xml
templates/dNSDomain.xml,templates/creation/dNSDomain.xml
templates/example.xml,templates/creation/example.xml
templates/inetOrgPerson.xml,templates/creation/inetOrgPerson.xml
templates/kolabPerson.xml,templates/creation/kolabPerson.xml
templates/mozillaOrgPerson.xml,templates/creation/mozillaOrgPerson.xml
templates/organizationalRole.xml,templates/creation/organizationalRole.xml
templates/ou.xml,templates/creation/ou.xml
templates/posixAccount.xml,templates/creation/posixAccount.xml
templates/posixGroup.xml,templates/creation/posixGroup.xml
templates/sambaDomain.xml,templates/creation/sambaDomain.xml
templates/sambaGroupMapping.xml,templates/creation/sambaGroupMapping.xml
templates/sambaMachine.xml,templates/creation/sambaMachine.xml
templates/sambaSamAccount.xml,templates/creation/sambaSamAccount.xml
templates/sendmailMTAAliasObject.xml,templates/creation/sendmailMTAAliasObject.xml
templates/sendmailMTAClass.xml,templates/creation/sendmailMTAClass.xml
templates/sendmailMTACluster.xml,templates/creation/sendmailMTACluster.xml
templates/sendmailMTAMapObject.xml,templates/creation/sendmailMTAMapObject.xml
templates/sendmailVirtualDomain.xml,templates/creation/sendmailVirtualDomain.xml
templates/sendmailVirtualUser.xml,templates/creation/sendmailVirtualUser.xml
templates/simpleSecurityObject.xml,templates/creation/simpleSecurityObject.xml
htdocs/images/notice.png,htdocs/images/warn-big.png,htdocs/images/default/warn-big.png
htdocs/images/bug-big.png,htdocs/images/default/bug-big.png
htdocs/images/calendar.png,htdocs/images/default/calendar.png
htdocs/images/debug-cache.png,htdocs/images/default/debug-cache.png
htdocs/images/disabled.png,htdocs/images/default/disabled.png
htdocs/images/export.png,htdocs/images/default/export.png
htdocs/images/help-big.png,htdocs/images/default/help-big.png
htdocs/images/home-big.png,htdocs/images/default/home-big.png
htdocs/images/import.png,htdocs/images/default/import.png,htdocs/images/default/import-big.png
htdocs/images/info-big.png,htdocs/images/default/info-big.png
htdocs/images/invalid.png,htdocs/images/default/invalid.png
htdocs/images/key.png,htdocs/images/default/key.png
htdocs/images/light-big.png,htdocs/images/default/light-big.png
htdocs/images/logo-small.png,htdocs/images/default/logo-small.png
htdocs/images/logo.png,htdocs/images/default/logo.png
htdocs/images/logout.png,htdocs/images/default/logout.png,htdocs/images/default/logout-big.png
htdocs/images/nogo.png,htdocs/images/default/nogo.png
htdocs/images/refresh-big.png,htdocs/images/default/refresh-big.png
htdocs/images/request-feature.png,htdocs/images/default/request-feature.png,htdocs/images/default/request-feature-big.png
htdocs/images/schema.png,htdocs/images/default/schema.png,htdocs/images/default/schema-big.png
htdocs/images/search.png,htdocs/images/default/search.png,htdocs/images/default/search-big.png
htdocs/images/smile-big.png,htdocs/images/default/smile-big.png
htdocs/images/trash-big.png,htdocs/images/default/trash-big.png
htdocs/js/phplayersmenu/menuimages/tree_collapse.png,htdocs/images/default/tree_collapse.png
htdocs/js/phplayersmenu/menuimages/tree_collapse_corner.png,htdocs/images/default/tree_collapse_corner.png
htdocs/js/phplayersmenu/menuimages/tree_collapse_corner_first.png,htdocs/images/default/tree_collapse_corner_first.png
htdocs/js/phplayersmenu/menuimages/tree_collapse_first.png,htdocs/images/default/tree_collapse_first.png
htdocs/js/phplayersmenu/menuimages/tree_corner.png,htdocs/images/default/tree_corner.png
htdocs/js/phplayersmenu/menuimages/tree_expand.png,htdocs/images/default/tree_expand.png
htdocs/js/phplayersmenu/menuimages/tree_expand_corner.png,htdocs/images/default/tree_expand_corner.png
htdocs/js/phplayersmenu/menuimages/tree_expand_corner_first.png,htdocs/images/default/tree_expand_corner_first.png
htdocs/js/phplayersmenu/menuimages/tree_expand_first.png,htdocs/images/default/tree_expand_first.png
htdocs/js/phplayersmenu/menuimages/tree_folder_closed.png,htdocs/images/default/tree_folder_closed.png
htdocs/js/phplayersmenu/menuimages/tree_folder_open.png,htdocs/images/default/tree_folder_open.png
htdocs/js/phplayersmenu/menuimages/tree_leaf.png,htdocs/images/default/tree_leaf.png
htdocs/js/phplayersmenu/menuimages/tree_space.png,htdocs/images/default/tree_space.png
htdocs/js/phplayersmenu/menuimages/tree_split.png,htdocs/images/default/tree_split.png
htdocs/js/phplayersmenu/menuimages/tree_split_first.png,htdocs/images/default/tree_split_first.png
htdocs/js/phplayersmenu/menuimages/tree_vertline.png,htdocs/images/default/tree_vertline.png
htdocs/js/templaterender.js,htdocs/js/TemplateRender.js
htdocs/js/pla_ajax.js,htdocs/js/ajax_functions.js
htdocs/js/ajaxtree.js,htdocs/js/ajax_tree.js
htdocs/js/to_ascii.js,htdocs/js/toAscii.js
INSTALL,INSTALL.md
ldap/src/Server.php,app/Classes/LDAP/Server.php
tests/server/openldap/ldif/ldap-test-server.ldif,tests/server/openldap/ldif/Flintstones.ldif
resources/views/widgets/dn.blade.php,resources/views/frames/dn.blade.php
resources/themes/architect/views/layouts/dn.blade.php,resources/views/layouts/dn.blade.php
lib/Attribute.php,app/Classes/LDAP/Attribute.php
lib/BinaryAttribute.php,app/Classes/LDAP/Attribute/Binary.php
doc/ldif-example-com,tests/server/openldap/data/10-example.com.ldif
doc/ldif-Flintstones,tests/server/openldap/data/20-flintstones.ldif
doc/ldif-Simpsons,tests/server/openldap/data/21-simpsons.ldif
doc/pla-test-i18n.ldif,tests/server/openldap/data/31-i18n.ldif
app/Classes/LDAP/Attribute/Mechanisms.php,app/Classes/LDAP/Attribute/Schema/Mechanisms.php
app/Classes/LDAP/Attribute/OID.php,app/Classes/LDAP/Attribute/Schema/OID.php
public/css/flags16-both.css,public/css/flags/flags16-both.css
public/css/flags16.png,public/css/flags/flags16.png
public/css/flags32-both.css,public/css/flags/flags32-both.css
public/css/flags32.png,public/css/flags/flags32.png
public/img/logo-h-lg.png,public/images/logo-h-lg.png
public/img/logo-h.png,public/images/logo-h.png
public/img/logo.png,public/images/logo.png
app/Classes/LDAP/Attribute/Internal/EntryDN.php,app/Classes/LDAP/Attribute/Internal/CSN.php
app/Classes/LDAP/Attribute/Internal/EntryCSN.php,app/Classes/LDAP/Attribute/Internal/DN.php
app/Classes/LDAP/Attribute/Internal/EntryUUID.php,app/Classes/LDAP/Attribute/Internal/UUID.php
doc/uidpool.schema,tests/server/openldap/bootstrap/uidpool.schema
resources/views/dn.blade.php,resources/views/frame.blade.php
resources/views/frames/schema/attributetypes.blade.php,resources/views/fragment/schema/attributetypes.blade.php
resources/views/frames/schema/ldapsyntaxes.blade.php,resources/views/fragment/schema/ldapsyntaxes.blade.php
resources/views/frames/schema/matchingrules.blade.php,resources/views/fragment/schema/matchingrules.blade.php
resources/views/frames/schema/objectclasses.blade.php,resources/views/fragment/schema/objectclasses.blade.php
resources/views/frames/update.blade.php,resources/views/update.blade.php
tests/Unit/GetBaseDNTest.php,tests/Feature/GetBaseDNTest.php
