pyshop/templates/pyshop/user/create.html,pyshop/templates/pyshop/account/create.html
pyshop/templates/pyshop/user/list.html,pyshop/templates/pyshop/account/list.html
pyshop/tests/views/test_user.py,pyshop/tests/views/test_account.py
pyshop/views/user.py,pyshop/views/account.py
CHANGES.txt,CHANGES.rst
pyshop/bin/migration/migr_0_1_2_2.py,pyshop/bin/migration/migr_1_2_3.py
fig.yml,docker-compose.yml
