docs/guide/src/docbkx/samples/customer.json,docs/guide/src/docbkx/samples/tenant.json,doc/guide/src/docbkx/samples/tenant.json
docs/guide/src/docbkx/samples/customer.xml,docs/guide/src/docbkx/samples/tenant.xml,doc/guide/src/docbkx/samples/tenant.xml
docs/guide/src/docbkx/samples/customerlock.json,docs/guide/src/docbkx/samples/tenantlock.json,doc/guide/src/docbkx/samples/tenantlock.json
docs/guide/src/docbkx/samples/customerlock.xml,docs/guide/src/docbkx/samples/tenantlock.xml,doc/guide/src/docbkx/samples/tenantlock.xml
docs/guide/src/docbkx/samples/customers.json,docs/guide/src/docbkx/samples/tenants.json,doc/guide/src/docbkx/samples/tenants.json
docs/guide/src/docbkx/samples/customers.xml,docs/guide/src/docbkx/samples/tenants.xml,doc/guide/src/docbkx/samples/tenants.xml
docs/guide/src/docbkx/samples/updatedcustomer.json,docs/guide/src/docbkx/samples/updatedtenant.json,doc/guide/src/docbkx/samples/updatedtenant.json
docs/guide/src/docbkx/samples/updatedcustomer.xml,docs/guide/src/docbkx/samples/updatedtenant.xml,doc/guide/src/docbkx/samples/updatedtenant.xml
echo/echo.ini,echo/echo/echo.ini,examples/echo/echo/echo.ini
echo/echo.py,echo/echo/echo.py,echo/echo/server.py,examples/echo/echo/server.py
echo/echo.wadl,echo/echo/echo.wadl,examples/echo/echo/echo.wadl
echo/samples/echo.json,echo/echo/samples/echo.json,examples/echo/echo/samples/echo.json
echo/samples/echo.xml,echo/echo/samples/echo.xml,examples/echo/echo/samples/echo.xml
echo/xsd/echo.xsd,echo/echo/xsd/echo.xsd,examples/echo/echo/xsd/echo.xsd
echo/xsl/echo.xsl,echo/echo/xsl/echo.xsl,examples/echo/echo/xsl/echo.xsl
middleware/papiauth.py,keystone/middleware/papiauth.py,keystone/middleware/remoteauth.py
keystone/auth_protocols/auth_protocol_basic.py,keystone/auth_protocols/auth_basic.py,keystone/middleware/auth_basic.py
keystone/auth_protocols/auth_protocol_openid.py,keystone/auth_protocols/auth_openid.py,keystone/middleware/auth_openid.py
keystone/auth_protocols/auth_protocol_token.ini,keystone/auth_protocols/auth_token.ini,examples/paste/auth_token.ini
keystone/auth_protocols/auth_protocol_token.py,keystone/auth_protocols/auth_token.py,keystone/middleware/auth_token.py
foo,keystone/queryext/__init__.py
keystone/identity.py,keystone/server.py
bin/scripts/keystone-control,bin/keystone-auth
bin/scripts/keystone-control,bin/keystone-auth
README.md,README,README.md
test/unit/test_identity.py,test/unit/test_keystone.py
docs/guide/src/docbkx/idm.wadl,docs/guide/src/docbkx/identity.wadl,doc/guide/src/docbkx/identity.wadl
docs/guide/src/docbkx/idmdevguide.xml,docs/guide/src/docbkx/identitydevguide.xml,doc/guide/src/docbkx/identitydevguide.xml
docs/guide/src/docbkx/samples/idm_fault.json,docs/guide/src/docbkx/samples/identity_fault.json,doc/guide/src/docbkx/samples/identity_fault.json
docs/guide/src/docbkx/samples/idm_fault.xml,docs/guide/src/docbkx/samples/identity_fault.xml,doc/guide/src/docbkx/samples/identity_fault.xml
keystone/content/idmdevguide.pdf,keystone/content/identitydevguide.pdf,keystone/content/service/identitydevguide.pdf
pylintrc,.pylintrc,pylintrc
echo/bin/echod,examples/echo/bin/echod
echo/echo/__init__.py,examples/echo/echo/__init__.py
echo/echo/echo_basic.ini,examples/echo/echo/echo_basic.ini
echo/echo/echo_remote.ini,examples/echo/echo/echo_remote.ini
echo/echo_client.py,examples/echo/echo_client.py
echo/setup.py,examples/echo/setup.py
management/delgroup.py,tools/management/delgroup.py
management/getgroup.py,tools/management/getgroup.py
management/getgroups.py,tools/management/getgroups.py
management/getgroupusers.py,tools/management/getgroupusers.py
management/getuser.py,tools/management/getuser.py
management/getusergroups.py,tools/management/getusergroups.py
management/groupadd.py,tools/management/groupadd.py
management/setuserlock.py,tools/management/setuserlock.py
management/setuserpswd.py,tools/management/setuserpswd.py
management/updategroup.py,tools/management/updategroup.py
management/userdel.py,tools/management/userdel.py
management/userupdate.py,tools/management/userupdate.py
pip-requires,tools/pip-requires,requirements.txt
echo/docs/echo_flow.pdf,examples/echo/docs/echo_flow.pdf
echo/docs/echo_flow.sdx,examples/echo/docs/echo_flow.sdx
docs/nova-api-paste.ini,examples/paste/nova-api-paste.ini
keystone/auth_protocols/auth_basic.ini,examples/paste/auth_basic.ini
docs/nova-api-paste.ini,examples/paste/nova-api-paste.ini
keystone/frontends/legacy_auth_frontend.py,keystone/frontends/legacy_token_auth.py
docs/design/flow_diagram.pdf,doc/design/flow_diagram.pdf
docs/design/flow_diagram.png,doc/design/flow_diagram.png
docs/design/flow_diagram.sdx,doc/design/flow_diagram.sdx
docs/guide/pom.xml,doc/guide/pom.xml
docs/guide/src/docbkx/img/Check_mark_23x20_02.svg,doc/guide/src/docbkx/img/Check_mark_23x20_02.svg
docs/guide/src/docbkx/samples/auth.json,doc/guide/src/docbkx/samples/auth.json
docs/guide/src/docbkx/samples/auth.xml,doc/guide/src/docbkx/samples/auth.xml
docs/guide/src/docbkx/samples/auth_credentials.json,doc/guide/src/docbkx/samples/auth_credentials.json
docs/guide/src/docbkx/samples/auth_credentials.xml,doc/guide/src/docbkx/samples/auth_credentials.xml
docs/guide/src/docbkx/samples/baseURL.json,doc/guide/src/docbkx/samples/baseURL.json,doc/guide/src/docbkx/samples/endpointTemplate.json
docs/guide/src/docbkx/samples/baseURL.xml,doc/guide/src/docbkx/samples/baseURL.xml,doc/guide/src/docbkx/samples/endpointTemplate.xml
docs/guide/src/docbkx/samples/baseURLRef.json,doc/guide/src/docbkx/samples/baseURLRef.json
docs/guide/src/docbkx/samples/baseURLRef.xml,doc/guide/src/docbkx/samples/baseURLRef.xml
docs/guide/src/docbkx/samples/baseURLRefs.json,doc/guide/src/docbkx/samples/baseURLRefs.json,doc/guide/src/docbkx/samples/endpoints.json
docs/guide/src/docbkx/samples/baseURLRefs.xml,doc/guide/src/docbkx/samples/baseURLRefs.xml,doc/guide/src/docbkx/samples/endpoints.xml
docs/guide/src/docbkx/samples/baseURLs.json,doc/guide/src/docbkx/samples/baseURLs.json,doc/guide/src/docbkx/samples/endpointTemplates.json
docs/guide/src/docbkx/samples/baseURLs.xml,doc/guide/src/docbkx/samples/baseURLs.xml,doc/guide/src/docbkx/samples/endpointTemplates.xml
docs/guide/src/docbkx/samples/choices.json,doc/guide/src/docbkx/samples/choices.json
docs/guide/src/docbkx/samples/choices.xml,doc/guide/src/docbkx/samples/choices.xml
docs/guide/src/docbkx/samples/ext-getuser.json,doc/guide/src/docbkx/samples/ext-getuser.json
docs/guide/src/docbkx/samples/ext-getuser.xml,doc/guide/src/docbkx/samples/ext-getuser.xml
docs/guide/src/docbkx/samples/extension.json,doc/guide/src/docbkx/samples/extension.json
docs/guide/src/docbkx/samples/extension.xml,doc/guide/src/docbkx/samples/extension.xml
docs/guide/src/docbkx/samples/extensions.json,doc/guide/src/docbkx/samples/extensions.json
docs/guide/src/docbkx/samples/extensions.xml,doc/guide/src/docbkx/samples/extensions.xml
docs/guide/src/docbkx/samples/getuser-1.json,doc/guide/src/docbkx/samples/getuser-1.json
docs/guide/src/docbkx/samples/getuser-1.xml,doc/guide/src/docbkx/samples/getuser-1.xml
docs/guide/src/docbkx/samples/group.json,doc/guide/src/docbkx/samples/group.json
docs/guide/src/docbkx/samples/group.xml,doc/guide/src/docbkx/samples/group.xml
docs/guide/src/docbkx/samples/groups.json,doc/guide/src/docbkx/samples/groups.json
docs/guide/src/docbkx/samples/groups.xml,doc/guide/src/docbkx/samples/groups.xml
docs/guide/src/docbkx/samples/item_not_found.json,doc/guide/src/docbkx/samples/item_not_found.json
docs/guide/src/docbkx/samples/item_not_found.xml,doc/guide/src/docbkx/samples/item_not_found.xml
docs/guide/src/docbkx/samples/role.json,doc/guide/src/docbkx/samples/role.json
docs/guide/src/docbkx/samples/role.xml,doc/guide/src/docbkx/samples/role.xml
docs/guide/src/docbkx/samples/roleRef.json,doc/guide/src/docbkx/samples/roleRef.json
docs/guide/src/docbkx/samples/roleRef.xml,doc/guide/src/docbkx/samples/roleRef.xml
docs/guide/src/docbkx/samples/roleRefs.json,doc/guide/src/docbkx/samples/roleRefs.json
docs/guide/src/docbkx/samples/roleRefs.xml,doc/guide/src/docbkx/samples/roleRefs.xml
docs/guide/src/docbkx/samples/roles.json,doc/guide/src/docbkx/samples/roles.json
docs/guide/src/docbkx/samples/roles.xml,doc/guide/src/docbkx/samples/roles.xml
docs/guide/src/docbkx/samples/samplerequestheader.json,doc/guide/src/docbkx/samples/samplerequestheader.json
docs/guide/src/docbkx/samples/sampleresponseheader.json,doc/guide/src/docbkx/samples/sampleresponseheader.json
docs/guide/src/docbkx/samples/tenants-1.json,doc/guide/src/docbkx/samples/tenants-1.json
docs/guide/src/docbkx/samples/tenants-1.xml,doc/guide/src/docbkx/samples/tenants-1.xml
docs/guide/src/docbkx/samples/tenants-2.json,doc/guide/src/docbkx/samples/tenants-2.json
docs/guide/src/docbkx/samples/tenants-2.xml,doc/guide/src/docbkx/samples/tenants-2.xml
docs/guide/src/docbkx/samples/tenants-3.json,doc/guide/src/docbkx/samples/tenants-3.json
docs/guide/src/docbkx/samples/tenants-3.xml,doc/guide/src/docbkx/samples/tenants-3.xml
docs/guide/src/docbkx/samples/tenants-request.txt,doc/guide/src/docbkx/samples/tenants-request.txt
docs/guide/src/docbkx/samples/validatetoken.json,doc/guide/src/docbkx/samples/validatetoken.json
docs/guide/src/docbkx/samples/validatetoken.xml,doc/guide/src/docbkx/samples/validatetoken.xml
docs/guide/src/docbkx/samples/version-atom.xml,doc/guide/src/docbkx/samples/version-atom.xml
docs/guide/src/docbkx/samples/version.json,doc/guide/src/docbkx/samples/version.json
docs/guide/src/docbkx/samples/version.xml,doc/guide/src/docbkx/samples/version.xml
docs/guide/src/docbkx/samples/versions-atom.xml,doc/guide/src/docbkx/samples/versions-atom.xml
docs/guide/src/docbkx/samples/versions.json,doc/guide/src/docbkx/samples/versions.json
docs/guide/src/docbkx/samples/versions.xml,doc/guide/src/docbkx/samples/versions.xml
docs/guide/src/docbkx/xsd/api-common.xsd,doc/guide/src/docbkx/xsd/api-common.xsd
docs/guide/src/docbkx/xsd/api.xsd,doc/guide/src/docbkx/xsd/api.xsd
docs/guide/src/docbkx/xsd/atom/atom.xsd,doc/guide/src/docbkx/xsd/atom/atom.xsd
docs/guide/src/docbkx/xsd/atom/xml.xsd,doc/guide/src/docbkx/xsd/atom/xml.xsd
docs/guide/src/docbkx/xsd/baseURLs.xsd,doc/guide/src/docbkx/xsd/baseURLs.xsd,doc/guide/src/docbkx/xsd/endpoints.xsd
docs/guide/src/docbkx/xsd/extensions.xsd,doc/guide/src/docbkx/xsd/extensions.xsd
docs/guide/src/docbkx/xsd/fault.xsd,doc/guide/src/docbkx/xsd/fault.xsd
docs/guide/src/docbkx/xsd/roles.xsd,doc/guide/src/docbkx/xsd/roles.xsd
docs/guide/src/docbkx/xsd/tenant.xsd,doc/guide/src/docbkx/xsd/tenant.xsd
docs/guide/src/docbkx/xsd/token.xsd,doc/guide/src/docbkx/xsd/token.xsd
docs/guide/src/docbkx/xsd/version.xsd,doc/guide/src/docbkx/xsd/version.xsd
keystone/db/sqlalchemy/api/baseurl.py,keystone/db/sqlalchemy/api/endpoint_template.py,keystone/backends/sqlalchemy/api/endpoint_template.py
keystone/logic/types/baseURL.py,keystone/logic/types/endpoint.py
keystone/test/unit/test_BaseURLs.py,keystone/test/unit/test_endpoints.py
keystone/auth_protocols/swift_auth_token.py,keystone/middleware/swift_auth.py
keystone/db/sqlalchemy/__init__.py,keystone/backends/alterdb/__init__.py
keystone/db/sqlalchemy/api/token.py,keystone/backends/alterdb/api/token.py
keystone/db/sqlalchemy/api/__init__.py,keystone/backends/sqlalchemy/api/__init__.py
keystone/db/sqlalchemy/api/group.py,keystone/backends/sqlalchemy/api/group.py
keystone/db/sqlalchemy/api/role.py,keystone/backends/sqlalchemy/api/role.py
keystone/db/sqlalchemy/api/tenant.py,keystone/backends/sqlalchemy/api/tenant.py
keystone/db/sqlalchemy/api/tenant_group.py,keystone/backends/sqlalchemy/api/tenant_group.py
keystone/db/sqlalchemy/api/user.py,keystone/backends/sqlalchemy/api/user.py
keystone/db/sqlalchemy/models.py,keystone/backends/sqlalchemy/models.py
keystone/queryext/exthandler.py,keystone/middleware/exthandler.py,keystone/middleware/url.py
keystone/test/unit/test_exthandler.py,keystone/test/unit/test_urlrewritefilter.py,keystone/test/unit/test_normalizingfilter.py
keystone/routers/public.py,keystone/routers/service.py
keystone/auth_protocols/nova_auth_token.py,keystone/middleware/nova_auth_token.py
keystone/test/system/common.py,keystone/test/functional/common.py
keystone/test/system/test_auth.py,keystone/test/functional/test_auth.py
keystone/test/system/test_issue_85.py,keystone/test/functional/test_issue_85.py
keystone/test/system/test_request_specs.py,keystone/test/functional/test_request_specs.py,keystone/test/client/test_request_specs.py
keystone/test/system/test_static_files.py,keystone/test/functional/test_static_files.py
etc/keystone.ldap.conf,keystone/test/etc/ldap.conf.template
etc/keystone.memcache.conf,keystone/test/etc/memcache.conf.template
etc/keystone.sql.conf,keystone/test/etc/sql.conf.template
keystone/test/run_tests.py,run_tests.py
keystone/content/extensions.json,keystone/content/admin/extensions.json
keystone/content/identity-admin.wadl,keystone/content/admin/identity-admin.wadl
keystone/content/identityadminguide.pdf,keystone/content/admin/identityadminguide.pdf
keystone/content/version-admin.json.tpl,keystone/content/admin/version.json.tpl
keystone/content/version-admin.xml.tpl,keystone/content/admin/version.xml.tpl
keystone/content/xsd/api-common.xsd,keystone/content/admin/xsd/api-common.xsd,keystone/content/common/xsd/api-common.xsd
keystone/content/xsd/api.xsd,keystone/content/admin/xsd/api.xsd
keystone/content/xsd/atom/atom.xsd,keystone/content/admin/xsd/atom/atom.xsd,keystone/content/common/xsd/atom/atom.xsd
keystone/content/xsd/atom/xml.xsd,keystone/content/admin/xsd/atom/xml.xsd,keystone/content/common/xsd/atom/xml.xsd
keystone/content/xsd/endpoints.xsd,keystone/content/admin/xsd/endpoints.xsd
keystone/content/xsd/extensions.xsd,keystone/content/admin/xsd/extensions.xsd,keystone/content/common/xsd/extensions.xsd
keystone/content/xsd/fault.xsd,keystone/content/admin/xsd/fault.xsd,keystone/content/common/xsd/fault.xsd
keystone/content/xsd/services.xsd,keystone/content/admin/xsd/services.xsd,keystone/content/common/xsd/services.xsd
keystone/content/xsd/tenant.xsd,keystone/content/admin/xsd/tenant.xsd,keystone/content/common/xsd/tenant.xsd
keystone/content/xsd/token.xsd,keystone/content/admin/xsd/token.xsd
keystone/content/xsd/user.xsd,keystone/content/admin/xsd/user.xsd,keystone/content/common/xsd/user.xsd
keystone/content/xsd/version.xsd,keystone/content/admin/xsd/version.xsd,keystone/content/common/xsd/version.xsd
keystone/content/common.ent,keystone/content/common/common.ent
keystone/content/samples/auth.json,keystone/content/common/samples/auth.json
keystone/content/samples/auth.xml,keystone/content/common/samples/auth.xml
keystone/content/samples/auth_credentials.json,keystone/content/common/samples/auth_credentials.json
keystone/content/samples/auth_credentials.xml,keystone/content/common/samples/auth_credentials.xml
keystone/content/samples/choices.json,keystone/content/common/samples/choices.json
keystone/content/samples/choices.xml,keystone/content/common/samples/choices.xml
keystone/content/samples/endpoint.json,keystone/content/common/samples/endpoint.json
keystone/content/samples/endpoint.xml,keystone/content/common/samples/endpoint.xml
keystone/content/samples/endpointTemplate.json,keystone/content/common/samples/endpointTemplate.json
keystone/content/samples/endpointTemplate.xml,keystone/content/common/samples/endpointTemplate.xml
keystone/content/samples/endpointTemplates.json,keystone/content/common/samples/endpointTemplates.json
keystone/content/samples/endpointTemplates.xml,keystone/content/common/samples/endpointTemplates.xml
keystone/content/samples/endpoints.json,keystone/content/common/samples/endpoints.json
keystone/content/samples/endpoints.xml,keystone/content/common/samples/endpoints.xml
keystone/content/samples/ext-getuser.json,keystone/content/common/samples/ext-getuser.json
keystone/content/samples/ext-getuser.xml,keystone/content/common/samples/ext-getuser.xml
keystone/content/samples/extension.json,keystone/content/common/samples/extension.json
keystone/content/samples/extension.xml,keystone/content/common/samples/extension.xml
keystone/content/samples/extensions.json,keystone/content/common/samples/extensions.json
keystone/content/samples/extensions.xml,keystone/content/common/samples/extensions.xml
keystone/content/samples/getuser-1.json,keystone/content/common/samples/getuser-1.json
keystone/content/samples/getuser-1.xml,keystone/content/common/samples/getuser-1.xml
keystone/content/samples/group.json,keystone/content/common/samples/group.json
keystone/content/samples/group.xml,keystone/content/common/samples/group.xml
keystone/content/samples/groups.json,keystone/content/common/samples/groups.json
keystone/content/samples/groups.xml,keystone/content/common/samples/groups.xml
keystone/content/samples/identity_fault.json,keystone/content/common/samples/identity_fault.json
keystone/content/samples/identity_fault.xml,keystone/content/common/samples/identity_fault.xml
keystone/content/samples/item_not_found.json,keystone/content/common/samples/item_not_found.json
keystone/content/samples/item_not_found.xml,keystone/content/common/samples/item_not_found.xml
keystone/content/samples/role.json,keystone/content/common/samples/role.json
keystone/content/samples/role.xml,keystone/content/common/samples/role.xml
keystone/content/samples/roleRef.json,keystone/content/common/samples/roleRef.json
keystone/content/samples/roleRef.xml,keystone/content/common/samples/roleRef.xml
keystone/content/samples/roleRefs.json,keystone/content/common/samples/roleRefs.json
keystone/content/samples/roleRefs.xml,keystone/content/common/samples/roleRefs.xml
keystone/content/samples/roles.json,keystone/content/common/samples/roles.json
keystone/content/samples/roles.xml,keystone/content/common/samples/roles.xml
keystone/content/samples/samplerequestheader.json,keystone/content/common/samples/samplerequestheader.json,keystone/content/common/samples/samplerequestheader.txt
keystone/content/samples/sampleresponseheader.json,keystone/content/common/samples/sampleresponseheader.json,keystone/content/common/samples/sampleresponseheader.txt
keystone/content/samples/service.json,keystone/content/common/samples/service.json
keystone/content/samples/service.xml,keystone/content/common/samples/service.xml
keystone/content/samples/services.json,keystone/content/common/samples/services.json
keystone/content/samples/services.xml,keystone/content/common/samples/services.xml
keystone/content/samples/tenant.json,keystone/content/common/samples/tenant.json
keystone/content/samples/tenant.xml,keystone/content/common/samples/tenant.xml
keystone/content/samples/tenantlock.json,keystone/content/common/samples/tenantlock.json
keystone/content/samples/tenantlock.xml,keystone/content/common/samples/tenantlock.xml
keystone/content/samples/tenants-1.json,keystone/content/common/samples/tenants-1.json
keystone/content/samples/tenants-1.xml,keystone/content/common/samples/tenants-1.xml
keystone/content/samples/tenants-2.json,keystone/content/common/samples/tenants-2.json
keystone/content/samples/tenants-2.xml,keystone/content/common/samples/tenants-2.xml
keystone/content/samples/tenants-3.json,keystone/content/common/samples/tenants-3.json
keystone/content/samples/tenants-3.xml,keystone/content/common/samples/tenants-3.xml
keystone/content/samples/tenants-request.txt,keystone/content/common/samples/tenants-request.txt
keystone/content/samples/tenants.json,keystone/content/common/samples/tenants.json
keystone/content/samples/tenants.xml,keystone/content/common/samples/tenants.xml
keystone/content/samples/updatedtenant.json,keystone/content/common/samples/updatedtenant.json
keystone/content/samples/updatedtenant.xml,keystone/content/common/samples/updatedtenant.xml
keystone/content/samples/validatetoken.json,keystone/content/common/samples/validatetoken.json
keystone/content/samples/validatetoken.xml,keystone/content/common/samples/validatetoken.xml
keystone/content/samples/version-atom.xml,keystone/content/common/samples/version-atom.xml
keystone/content/samples/version.json,keystone/content/common/samples/version.json
keystone/content/samples/version.xml,keystone/content/common/samples/version.xml
keystone/content/samples/versions-atom.xml,keystone/content/common/samples/versions-atom.xml
keystone/content/samples/versions.json,keystone/content/common/samples/versions.json
keystone/content/samples/versions.xml,keystone/content/common/samples/versions.xml
keystone/content/identity.wadl,keystone/content/service/identity.wadl
keystone/content/version.json.tpl,keystone/content/service/version.json.tpl
keystone/content/version.xml.tpl,keystone/content/service/version.xml.tpl
keystone/content/xsd/roles.xsd,keystone/content/service/xsd/roles.xsd,keystone/content/common/xsd/roles.xsd
keystone/content/service/identity-RS-KEY.wadl,keystone/content/service/identity-RAX-KEY.wadl
keystone/content/service/xsd/RS-GRP-groups.xsd,keystone/content/service/xsd/RAX-GRP-groups.xsd,keystone/content/service/xsd/RAX-KSGRP-groups.xsd,keystone/content/common/xsd/RAX-KSGRP-groups.xsd
keystone/content/service/xsd/RS-KEY-credentials.xsd,keystone/content/service/xsd/RAX-KEY-credentials.xsd,keystone/content/service/xsd/RAX-KSKEY-credentials.xsd,keystone/content/common/xsd/RAX-KSKEY-credentials.xsd
keystone/contrib/extensions/rskey/__init__.py,keystone/contrib/extensions/raxkey/__init__.py,keystone/contrib/extensions/service/osec2/__init__.py
keystone/contrib/extensions/rskey/extension.json,keystone/contrib/extensions/raxkey/extension.json,keystone/contrib/extensions/service/raxkey/extension.json
keystone/contrib/extensions/rskey/extension.xml,keystone/contrib/extensions/raxkey/extension.xml,keystone/contrib/extensions/service/raxkey/extension.xml
keystone/contrib/extensions/rskey/frontend.py,keystone/contrib/extensions/raxkey/frontend.py,keystone/contrib/extensions/service/raxkey/frontend.py
keystone/content/admin/identity-admin-OS.wadl,keystone/content/admin/identity-admin-OS-KSADM.wadl
keystone/content/admin/identity-admin-RAX.wadl,keystone/content/admin/identity-admin-RAX-KSADM.wadl
keystone/content/admin/xsd/RAX-credentials.xsd,keystone/content/admin/xsd/RAX-KSADM-credentials.xsd,keystone/content/common/xsd/RAX-KSADM-credentials.xsd
keystone/content/admin/xsd/RAX-groups.xsd,keystone/content/admin/xsd/RAX-KSADM-groups.xsd,keystone/content/common/xsd/RAX-KSADM-groups.xsd
keystone/content/admin/xsd/RAX-users.xsd,keystone/content/admin/xsd/RAX-KSADM-users.xsd,keystone/content/common/xsd/RAX-KSADM-users.xsd
tools/tracer.py,keystone/tools/tracer.py
keystone/content/common/samples/RAX-GRP-group.json,keystone/content/common/samples/RAX-KSGRP-group.json
keystone/content/common/samples/RAX-GRP-group.xml,keystone/content/common/samples/RAX-KSGRP-group.xml
keystone/content/common/samples/RAX-GRP-groups.json,keystone/content/common/samples/RAX-KSGRP-groups.json
keystone/content/common/samples/auth_credentials-OS-EC2.json,keystone/content/common/samples/auth_credentials-OS-KSEC2.json
keystone/content/common/samples/auth_credentials-OS-EC2.xml,keystone/content/common/samples/auth_credentials-OS-KSEC2.xml
keystone/content/common/samples/auth_credentials-RAX-KEY.json,keystone/content/common/samples/auth_credentials-RAX-KSKEY.json
keystone/content/common/samples/auth_credentials-RAX-KEY.xml,keystone/content/common/samples/auth_credentials-RAX-KSKEY.xml
keystone/test/functional/test_ext_rs_key_auth.py,keystone/test/functional/test_ext_raxkskey.py
keystone/content/admin/xsd/OS-KSADM-endpointtemplates.xsd,keystone/content/common/xsd/OS-KSADM-endpointtemplates.xsd
keystone/content/service/xsd/OS-KSEC2-credentials.xsd,keystone/content/common/xsd/OS-KSEC2-credentials.xsd
keystone/content/service/xsd/api.xsd,keystone/content/common/xsd/api.xsd
keystone/content/service/xsd/credentials.xsd,keystone/content/common/xsd/credentials.xsd
keystone/content/service/xsd/endpoints.xsd,keystone/content/common/xsd/endpoints.xsd
keystone/content/service/xsd/token.xsd,keystone/content/common/xsd/token.xsd
keystone/contrib/extensions/osec2/__init__.py,keystone/contrib/extensions/admin/__init__.py
keystone/contrib/extensions/raxgrp/__init__.py,keystone/contrib/extensions/service/__init__.py
keystone/contrib/extensions/osec2/extension.json,keystone/contrib/extensions/service/osec2/extension.json
keystone/contrib/extensions/osec2/extension.xml,keystone/contrib/extensions/service/osec2/extension.xml
keystone/contrib/extensions/osec2/frontend.py,keystone/contrib/extensions/service/osec2/frontend.py
keystone/contrib/extensions/raxgrp/api.py,keystone/contrib/extensions/service/raxgrp/api.py
keystone/contrib/extensions/raxgrp/extension.json,keystone/contrib/extensions/service/raxgrp/extension.json
keystone/contrib/extensions/raxgrp/extension.xml,keystone/contrib/extensions/service/raxgrp/extension.xml
keystone/content/common/xsd/OS-KSCATALOG-endpointtemplates.xsd,keystone/content/common/xsd/OS-KSCATALOG.xsd
keystone/contrib/extensions/admin/osksadm/extensionHandler.py,keystone/contrib/extensions/admin/osksadm/extension_handler.py
keystone/content/common/samples/apikeyCredentials.json,keystone/content/common/samples/apiKeyCredentials.json
keystone/content/common/samples/apikeyCredentials.xml,keystone/content/common/samples/apiKeyCredentials.xml
doc/source/man/keystonemanage.rst,doc/source/man/keystone-manage.rst,doc/source/cli/keystone-manage.rst
keystone_compat_flows.sdx,docs/keystone_compat_flows.sdx,doc/keystone_compat_flows.sdx
tests/keystone_compat_HEAD.conf,tests/keystone_compat_diablo.conf
doc/source/configuring.rst,doc/source/configuration.rst,doc/source/admin/identity-sources.rst
keystone/controllers/auth.py,keystone/controllers/token.py
keystone/tenant.py,keystone/managers/tenant.py
keystone/token.py,keystone/managers/token.py
keystone/test/functional/test_client.py,keystone/test/client/test_client.py
keystone/test/functional/test_d5_compat_calls.py,keystone/test/client/test_d5_compat_calls.py
keystone/test/functional/test_extensions.py,keystone/test/client/test_extensions.py
keystone/test/functional/test_middleware.py,keystone/test/client/test_middleware.py
tests/test_keystone_compat.py,tests/test_legacy_compat.py
keystone/test/unit/test_models_Endpoint.py,keystone/test/unit/test_models_endpoint.py
keystone/test/unit/test_models_EndpointTemplate.py,keystone/test/unit/test_models_endpoint_template.py
keystone/test/unit/test_models_Role.py,keystone/test/unit/test_models_role.py
keystone/test/unit/test_models_Service.py,keystone/test/unit/test_models_service.py
keystone/test/unit/test_models_Services.py,keystone/test/unit/test_models_services.py
keystone/test/unit/test_models_Tenant.py,keystone/test/unit/test_models_tenant.py
keystone/test/unit/test_models_Token.py,keystone/test/unit/test_models_token.py
keystone/test/unit/test_models_User.py,keystone/test/unit/test_models_user.py
keystone/test/unit/test_ec2_authn.py,keystone/test/unit/test_authn_ec2.py
keystonelight/backends/sql.py,keystonelight/backends/sql/core.py,keystone/backends/sql/core.py,keystone/common/sql/core.py
tests/test_keystoneclient_compat.py,tests/test_keystoneclient.py,keystone/tests/test_keystoneclient.py,keystone/tests/unit/test_keystoneclient.py,keystone/tests/unit/test_v2_keystoneclient.py
bin/ksl,bin/ks,bin/keystone-manage,keystone/cmd/manage.py
keystonelight/__init__.py,keystone/__init__.py
keystonelight/backends/__init__.py,keystone/backends/__init__.py,keystone/catalog/__init__.py
keystonelight/backends/kvs.py,keystone/backends/kvs.py,keystone/common/kvs.py,keystone/common/kvs/legacy.py
keystonelight/backends/pam.py,keystone/backends/pam.py,keystone/identity/backends/pam.py
keystonelight/backends/policy.py,keystone/backends/policy.py,keystone/policy/backends/simple.py
keystonelight/backends/sql/migrate_repo/README,keystone/backends/sql/migrate_repo/README,keystone/common/sql/migrate_repo/README
keystonelight/backends/sql/migrate_repo/__init__.py,keystone/backends/sql/migrate_repo/__init__.py,keystone/catalog/backends/__init__.py
keystonelight/backends/sql/migrate_repo/manage.py,keystone/backends/sql/migrate_repo/manage.py,keystone/common/sql/migrate_repo/manage.py
keystonelight/backends/sql/migrate_repo/migrate.cfg,keystone/backends/sql/migrate_repo/migrate.cfg,keystone/common/sql/migrate_repo/migrate.cfg
keystonelight/backends/sql/migrate_repo/versions/001_add_initial_tables.py,keystone/backends/sql/migrate_repo/versions/001_add_initial_tables.py,keystone/common/sql/migrate_repo/versions/001_add_initial_tables.py
keystonelight/backends/sql/migrate_repo/versions/__init__.py,keystone/backends/sql/migrate_repo/versions/__init__.py,keystone/common/__init__.py
keystonelight/backends/sql/migration.py,keystone/backends/sql/migration.py,keystone/common/sql/migration.py
keystonelight/backends/sql/util.py,keystone/backends/sql/util.py,keystone/common/sql/util.py
keystonelight/backends/templated.py,keystone/backends/templated.py,keystone/catalog/backends/templated.py
keystonelight/catalog.py,keystone/catalog.py,keystone/catalog/core.py
keystonelight/cfg.py,keystone/cfg.py,keystone/common/cfg.py,keystone/openstack/common/cfg.py
keystonelight/client.py,keystone/client.py
keystonelight/config.py,keystone/config.py
keystonelight/identity.py,keystone/identity.py,keystone/identity/core.py
keystonelight/keystone_compat.py,keystone/keystone_compat.py,keystone/service.py
keystonelight/logging.py,keystone/logging.py,keystone/common/logging.py
keystonelight/middleware.py,keystone/middleware.py,keystone/middleware/internal.py,keystone/middleware/core.py
keystonelight/models.py,keystone/models.py
keystonelight/policy.py,keystone/policy.py,keystone/policy/core.py
keystonelight/service.py,keystone/service.py
keystonelight/test.py,keystone/test.py,keystone/tests/core.py,keystone/tests/unit/core.py
keystonelight/token.py,keystone/token.py,keystone/token/core.py
keystonelight/utils.py,keystone/utils.py,keystone/common/utils.py
keystonelight/wsgi.py,keystone/wsgi.py,keystone/common/wsgi.py
keystone/glance_auth_token.py,keystone/middleware/glance_auth_token.py
keystone/bufferedhttp.py,keystone/common/bufferedhttp.py
keystone/manager.py,keystone/common/manager.py
keystone/backends/sql/__init__.py,keystone/common/sql/__init__.py
keystone/ec2.py,keystone/contrib/ec2/core.py
docs/source/configuringservices.rst,docs/source/old/configuringservices.rst
docs/source/controllingservers.rst,docs/source/old/controllingservers.rst,doc/source/old/controllingservers.rst
docs/source/endpoints.rst,docs/source/old/endpoints.rst,doc/source/old/endpoints.rst
docs/source/extensions.rst,docs/source/old/extensions.rst,doc/source/old/extensions.rst
docs/source/middleware.rst,docs/source/old/middleware.rst,doc/source/old/middleware.rst
docs/source/middleware_architecture.rst,docs/source/old/middleware_architecture.rst,docs/source/middleware_architecture.rst,doc/source/middleware_architecture.rst,doc/source/middlewarearchitecture.rst
docs/source/migration.rst,docs/source/old/migration.rst,doc/source/old/migration.rst
docs/source/nova-api-paste.rst,docs/source/old/nova-api-paste.rst,docs/source/nova-api-paste.rst,doc/source/nova-api-paste.rst
docs/source/releases.rst,docs/source/old/releases.rst,doc/source/old/releases.rst
docs/source/services.rst,docs/source/old/services.rst,doc/source/old/services.rst
docs/source/ssl.rst,docs/source/old/ssl.rst,doc/source/old/ssl.rst
docs/source/backends.rst,docs/source/old/backends.rst,doc/source/old/backends.rst
docs/source/_static/basic.css,docs/source/static/basic.css,doc/source/static/basic.css
docs/source/_static/default.css,docs/source/static/default.css,doc/source/static/default.css
docs/source/_static/jquery.tweet.js,docs/source/static/jquery.tweet.js,doc/source/static/jquery.tweet.js
docs/source/_static/tweaks.css,docs/source/static/tweaks.css,doc/source/static/tweaks.css
bin/keystone,bin/keystone-server,bin/keystone-all,keystone/cmd/all.py
docs/source/man/keystone.rst,docs/source/man/keystone-all.rst,doc/source/man/keystone-all.rst
docs/Makefile,doc/Makefile
docs/source/_templates/.placeholder,doc/source/_templates/.placeholder
docs/source/_theme/layout.html,doc/source/_theme/layout.html
docs/source/_theme/theme.conf,doc/source/_theme/theme.conf
docs/source/api_curl_examples.rst,doc/source/api_curl_examples.rst,doc/source/devref/api_curl_examples.rst,doc/source/api_curl_examples.rst
docs/source/architecture.rst,doc/source/architecture.rst,doc/source/getting-started/architecture.rst
docs/source/community.rst,doc/source/community.rst,doc/source/getting-started/community.rst
docs/source/conf.py,doc/source/conf.py
docs/source/configuration.rst,doc/source/configuration.rst
docs/source/configuringservices.rst,doc/source/configuringservices.rst
docs/source/developing.rst,doc/source/developing.rst,doc/source/devref/development_best_practices.rst
docs/source/images/authComp.svg,doc/source/images/authComp.svg
docs/source/images/graphs_305.svg,doc/source/images/graphs_305.svg
docs/source/images/graphs_authComp.svg,doc/source/images/graphs_authComp.svg
docs/source/images/graphs_authCompDelegate.svg,doc/source/images/graphs_authCompDelegate.svg
docs/source/images/graphs_both.svg,doc/source/images/graphs_both.svg
docs/source/images/graphs_delegate_forbiden_basic.svg,doc/source/images/graphs_delegate_forbiden_basic.svg
docs/source/images/graphs_delegate_forbiden_proxy.svg,doc/source/images/graphs_delegate_forbiden_proxy.svg
docs/source/images/graphs_delegate_reject_basic.svg,doc/source/images/graphs_delegate_reject_basic.svg
docs/source/images/graphs_delegate_reject_oauth.svg,doc/source/images/graphs_delegate_reject_oauth.svg
docs/source/images/graphs_delegate_unimplemented.svg,doc/source/images/graphs_delegate_unimplemented.svg
docs/source/images/graphs_mapper.svg,doc/source/images/graphs_mapper.svg
docs/source/images/graphs_proxyAuth.svg,doc/source/images/graphs_proxyAuth.svg
docs/source/images/images_layouts.svg,doc/source/images/images_layouts.svg
docs/source/index.rst,doc/source/index.rst
docs/source/man/keystone-manage.rst,doc/source/man/keystone-manage.rst
docs/source/setup.rst,doc/source/setup.rst,doc/source/devref/development.environment.rst,doc/source/devref/development_environment.rst,doc/source/devref/set-up-keystone.rst,doc/source/contributor/set-up-keystone.rst
etc/keystone.conf,etc/keystone.conf.sample
keystone/identity/models.py,keystone/common/models.py
tests/signing/auth_token.json,tests/signing/auth_token_scoped.json,examples/pki/cms/auth_token_scoped.json
tests/signing/auth_token.pem,tests/signing/auth_token_scoped.pem,examples/pki/cms/auth_token_scoped.pem
tests/signing/auth_token_revoked.json,examples/pki/cms/auth_token_revoked.json
tests/signing/auth_token_revoked.pem,examples/pki/cms/auth_token_revoked.pem
tests/signing/auth_token_unscoped.json,examples/pki/cms/auth_token_unscoped.json
tests/signing/revocation_list.json,examples/pki/cms/revocation_list.json
examples/ssl/gen_pki.sh,examples/pki/gen_pki.sh
tests/test_service.py,tests/test_auth.py,keystone/tests/test_auth.py,keystone/tests/unit/test_auth.py
keystone/common/sql/migrate_repo/versions/008_normalize_identity.py,keystone/common/sql/migrate_repo/versions/009_normalize_identity.py
keystone/common/sql/migrate_repo/versions/009_normalize_identity_migration.py,keystone/common/sql/migrate_repo/versions/010_normalize_identity_migration.py
keystone/common/sql/migrate_repo/versions/010_endpoints_v3.py,keystone/common/sql/migrate_repo/versions/011_endpoints_v3.py
keystone/common/sql/migrate_repo/versions/011_populate_endpoint_type.py,keystone/common/sql/migrate_repo/versions/012_populate_endpoint_type.py
keystone/common/sql/migrate_repo/versions/012_drop_legacy_endpoints.py,keystone/common/sql/migrate_repo/versions/013_drop_legacy_endpoints.py
keystone/common/sql/migrate_repo/versions/013_add_group_tables.py,keystone/common/sql/migrate_repo/versions/014_add_group_tables.py
keystone/common/sql/migrate_repo/versions/014_tenant_to_project.py,keystone/common/sql/migrate_repo/versions/015_tenant_to_project.py
keystone/auth/methods/__init__.py,keystone/auth/plugins/__init__.py
keystone/auth/methods/password.py,keystone/auth/plugins/password.py
keystone/auth/methods/token.py,keystone/auth/plugins/token.py
tools/test-requires,test-requirements.txt
httpd/keystone.conf,httpd/wsgi-keystone.conf
keystone/common/wsgi_server.py,keystone/common/environment/eventlet_server.py
keystone/identity/backends/ldap/core.py,keystone/identity/backends/ldap.py,keystone/identity/backends/ldap/core.py
tests/tmp/.gitkeep,keystone/tests/__init__.py
tests/_ldap_livetest.py,keystone/tests/_ldap_livetest.py,keystone/tests/test_ldap_livetest.py,keystone/tests/unit/test_ldap_livetest.py
tests/_ldap_tls_livetest.py,keystone/tests/_ldap_tls_livetest.py,keystone/tests/test_ldap_tls_livetest.py,keystone/tests/unit/test_ldap_tls_livetest.py
tests/_sql_livetest.py,keystone/tests/_sql_livetest.py,keystone/tests/test_sql_livetest.py,keystone/tests/unit/test_sql_livetest.py
tests/_test_import_auth_token.py,keystone/tests/_test_import_auth_token.py
tests/auth_plugin_external_disabled.conf,keystone/tests/auth_plugin_external_disabled.conf
tests/auth_plugin_external_domain.conf,keystone/tests/auth_plugin_external_domain.conf
tests/backend_db2.conf,keystone/tests/backend_db2.conf,keystone/tests/config_files/backend_db2.conf,keystone/tests/unit/config_files/backend_db2.conf
tests/backend_ldap.conf,keystone/tests/backend_ldap.conf,keystone/tests/config_files/backend_ldap.conf,keystone/tests/unit/config_files/backend_ldap.conf
tests/backend_ldap_sql.conf,keystone/tests/backend_ldap_sql.conf,keystone/tests/config_files/backend_ldap_sql.conf,keystone/tests/unit/config_files/backend_ldap_sql.conf
tests/backend_liveldap.conf,keystone/tests/backend_liveldap.conf,keystone/tests/config_files/backend_liveldap.conf,keystone/tests/unit/config_files/backend_liveldap.conf
tests/backend_mysql.conf,keystone/tests/backend_mysql.conf,keystone/tests/config_files/backend_mysql.conf,keystone/tests/unit/config_files/backend_mysql.conf
tests/backend_pam.conf,keystone/tests/backend_pam.conf
tests/backend_postgresql.conf,keystone/tests/backend_postgresql.conf,keystone/tests/config_files/backend_postgresql.conf,keystone/tests/unit/config_files/backend_postgresql.conf
tests/backend_sql.conf,keystone/tests/backend_sql.conf,keystone/tests/config_files/backend_sql.conf,keystone/tests/unit/config_files/backend_sql.conf
tests/backend_sql_disk.conf,keystone/tests/backend_sql_disk.conf
tests/backend_tls_liveldap.conf,keystone/tests/backend_tls_liveldap.conf,keystone/tests/config_files/backend_tls_liveldap.conf,keystone/tests/unit/config_files/backend_tls_liveldap.conf
tests/default_catalog.templates,keystone/tests/default_catalog.templates,keystone/tests/unit/default_catalog.templates
tests/default_fixtures.py,keystone/tests/default_fixtures.py,keystone/tests/unit/default_fixtures.py
tests/legacy_d5.mysql,keystone/tests/legacy_d5.mysql
tests/legacy_d5.sqlite,keystone/tests/legacy_d5.sqlite
tests/legacy_diablo.mysql,keystone/tests/legacy_diablo.mysql
tests/legacy_diablo.sqlite,keystone/tests/legacy_diablo.sqlite
tests/legacy_essex.mysql,keystone/tests/legacy_essex.mysql
tests/legacy_essex.sqlite,keystone/tests/legacy_essex.sqlite
tests/test_auth_plugin.conf,keystone/tests/test_auth_plugin.conf,keystone/tests/config_files/test_auth_plugin.conf,keystone/tests/unit/config_files/test_auth_plugin.conf
tests/test_auth_plugin.py,keystone/tests/test_auth_plugin.py,keystone/tests/unit/test_auth_plugin.py
tests/test_backend.py,keystone/tests/test_backend.py,keystone/tests/unit/test_backend.py,keystone/tests/unit/identity/test_backends.py
tests/test_backend_kvs.py,keystone/tests/test_backend_kvs.py,keystone/tests/unit/test_backend_kvs.py
tests/test_backend_ldap.py,keystone/tests/test_backend_ldap.py,keystone/tests/unit/test_backend_ldap.py
tests/test_backend_memcache.py,keystone/tests/test_backend_memcache.py
tests/test_backend_pam.py,keystone/tests/test_backend_pam.py
tests/test_backend_sql.py,keystone/tests/test_backend_sql.py,keystone/tests/unit/test_backend_sql.py
tests/test_backend_templated.py,keystone/tests/test_backend_templated.py,keystone/tests/unit/test_backend_templated.py
tests/test_catalog.py,keystone/tests/test_catalog.py,keystone/tests/unit/test_catalog.py
tests/test_cert_setup.py,keystone/tests/test_cert_setup.py,keystone/tests/unit/test_cert_setup.py
tests/test_config.py,keystone/tests/test_config.py,keystone/tests/unit/test_config.py
tests/test_content_types.py,keystone/tests/test_content_types.py,keystone/tests/unit/test_content_types.py,keystone/tests/unit/test_v2.py
tests/test_contrib_s3_core.py,keystone/tests/test_contrib_s3_core.py,keystone/tests/unit/test_contrib_s3_core.py
tests/test_contrib_stats_core.py,keystone/tests/test_contrib_stats_core.py
tests/test_drivers.py,keystone/tests/test_drivers.py
tests/test_exception.py,keystone/tests/test_exception.py,keystone/tests/unit/test_exception.py
tests/test_import_legacy.py,keystone/tests/test_import_legacy.py
tests/test_injection.py,keystone/tests/test_injection.py,keystone/tests/unit/common/test_injection.py
tests/test_ipv6.py,keystone/tests/test_ipv6.py,keystone/tests/unit/test_ipv6.py
tests/test_keystoneclient_sql.py,keystone/tests/test_keystoneclient_sql.py,keystone/tests/unit/test_keystoneclient_sql.py,keystone/tests/unit/test_v2_keystoneclient_sql.py
tests/test_middleware.py,keystone/tests/test_middleware.py,keystone/tests/unit/test_middleware.py
tests/test_no_admin_token_auth.py,keystone/tests/test_no_admin_token_auth.py,keystone/tests/unit/test_no_admin_token_auth.py
tests/test_overrides.conf,keystone/tests/test_overrides.conf
tests/test_pki_token_provider.conf,keystone/tests/test_pki_token_provider.conf
tests/test_policy.py,keystone/tests/test_policy.py,keystone/tests/unit/test_policy.py
tests/test_s3_token_middleware.py,keystone/tests/test_s3_token_middleware.py
tests/test_serializer.py,keystone/tests/test_serializer.py
tests/test_singular_plural.py,keystone/tests/test_singular_plural.py,keystone/tests/unit/test_singular_plural.py
tests/test_sizelimit.py,keystone/tests/test_sizelimit.py
tests/test_sql_core.py,keystone/tests/test_sql_core.py
tests/test_sql_migrate_extensions.py,keystone/tests/test_sql_migrate_extensions.py,keystone/tests/unit/test_sql_migrate_extensions.py
tests/test_sql_upgrade.py,keystone/tests/test_sql_upgrade.py,keystone/tests/unit/test_sql_upgrade.py
tests/test_ssl.py,keystone/tests/test_ssl.py,keystone/tests/unit/test_ssl.py
tests/test_token_bind.py,keystone/tests/test_token_bind.py,keystone/tests/unit/test_token_bind.py
tests/test_token_provider.py,keystone/tests/test_token_provider.py,keystone/tests/unit/test_token_provider.py
tests/test_url_middleware.py,keystone/tests/test_url_middleware.py,keystone/tests/unit/test_url_middleware.py
tests/test_utils.py,keystone/tests/test_utils.py
tests/test_uuid_token_provider.conf,keystone/tests/test_uuid_token_provider.conf
tests/test_v3.py,keystone/tests/test_v3.py,keystone/tests/unit/test_v3.py
tests/test_v3_auth.py,keystone/tests/test_v3_auth.py,keystone/tests/unit/test_v3_auth.py
tests/test_v3_catalog.py,keystone/tests/test_v3_catalog.py,keystone/tests/unit/test_v3_catalog.py
tests/test_v3_credential.py,keystone/tests/test_v3_credential.py,keystone/tests/unit/test_v3_credential.py
tests/test_v3_identity.py,keystone/tests/test_v3_identity.py,keystone/tests/unit/test_v3_identity.py
tests/test_v3_policy.py,keystone/tests/test_v3_policy.py,keystone/tests/unit/test_v3_policy.py
tests/test_v3_protection.py,keystone/tests/test_v3_protection.py,keystone/tests/unit/test_v3_protection.py
tests/test_versions.py,keystone/tests/test_versions.py,keystone/tests/unit/test_versions.py
tests/test_wsgi.py,keystone/tests/test_wsgi.py,keystone/tests/unit/test_wsgi.py
keystone/common/ldap/fakeldap.py,keystone/tests/fakeldap.py,keystone/tests/unit/fakeldap.py
keystone/contrib/endpoint_filter/configuration.rst,doc/source/extensions/endpoint_filter-configuration.rst,doc/source/extensions/endpoint_filter.rst
keystone/contrib/kds/common/paths.py,keystone/tests/contrib/kds/paths.py
doc/source/EXTENSIONS_HOWTO.rst,doc/source/extension_development.rst
keystone/tests/backend_multi_ldap_sql.conf,keystone/tests/config_files/backend_multi_ldap_sql.conf,keystone/tests/unit/config_files/backend_multi_ldap_sql.conf
keystone/tests/deprecated.conf,keystone/tests/config_files/deprecated.conf,keystone/tests/unit/config_files/deprecated.conf
keystone/tests/deprecated_override.conf,keystone/tests/config_files/deprecated_override.conf,keystone/tests/unit/config_files/deprecated_override.conf
keystone/tests/keystone.Default.conf,keystone/tests/config_files/keystone.Default.conf,keystone/tests/config_files/domain_configs_multi_ldap/keystone.Default.conf,keystone/tests/unit/config_files/domain_configs_multi_ldap/keystone.Default.conf
keystone/tests/keystone.domain1.conf,keystone/tests/config_files/keystone.domain1.conf,keystone/tests/config_files/domain_configs_multi_ldap/keystone.domain1.conf,keystone/tests/unit/config_files/domain_configs_multi_ldap/keystone.domain1.conf
keystone/tests/keystone.domain2.conf,keystone/tests/config_files/keystone.domain2.conf,keystone/tests/config_files/domain_configs_multi_ldap/keystone.domain2.conf,keystone/tests/unit/config_files/domain_configs_multi_ldap/keystone.domain2.conf
keystone/tests/fixtures/__init__.py,keystone/tests/ksfixtures/__init__.py,keystone/tests/unit/ksfixtures/__init__.py
keystone/tests/fixtures/appserver.py,keystone/tests/ksfixtures/appserver.py,keystone/tests/unit/ksfixtures/appserver.py
keystone/tests/fixtures/cache.py,keystone/tests/ksfixtures/cache.py,keystone/tests/unit/ksfixtures/cache.py
doc/source/extensions/federation-configuration.rst,doc/source/extensions/federation.rst
doc/source/extensions/oauth1-configuration.rst,doc/source/extensions/oauth1.rst
doc/source/extensions/revoke-configuration.rst,doc/source/extensions/revoke.rst
keystone/common/sql/migrate_repo/versions/036_havana.py,keystone/common/sql/migrate_repo/versions/035_havana.py,keystone/common/sql/migrate_repo/versions/034_havana.py,keystone/common/sql/migrate_repo/versions/044_icehouse.py,keystone/common/sql/migrate_repo/versions/067_kilo.py,keystone/common/sql/migrate_repo/versions/075_liberty.py,keystone/common/sql/migrate_repo/versions/097_mitaka.py,keystone/common/sql/migrate_repo/versions/109_newton.py
keystone/tests/test_notifications.py,keystone/tests/unit/common/test_notifications.py
keystone/tests/test_base64utils.py,keystone/tests/unit/common/test_base64utils.py
keystone/tests/test_pemutils.py,keystone/tests/unit/common/test_pemutils.py
keystone/tests/test_hacking_checks.py,keystone/tests/unit/test_hacking_checks.py
keystone/tests/config_files/backend_ldap_pool.conf,keystone/tests/unit/config_files/backend_ldap_pool.conf
keystone/tests/config_files/backend_pool_liveldap.conf,keystone/tests/unit/config_files/backend_pool_liveldap.conf
keystone/tests/config_files/domain_configs_default_ldap_one_sql/keystone.domain1.conf,keystone/tests/unit/config_files/domain_configs_default_ldap_one_sql/keystone.domain1.conf
keystone/tests/config_files/domain_configs_one_extra_sql/keystone.domain2.conf,keystone/tests/unit/config_files/domain_configs_one_extra_sql/keystone.domain2.conf
keystone/tests/config_files/domain_configs_one_sql_one_ldap/keystone.Default.conf,keystone/tests/unit/config_files/domain_configs_one_sql_one_ldap/keystone.Default.conf
keystone/tests/config_files/domain_configs_one_sql_one_ldap/keystone.domain1.conf,keystone/tests/unit/config_files/domain_configs_one_sql_one_ldap/keystone.domain1.conf
keystone/tests/federation_fixtures.py,keystone/tests/unit/federation_fixtures.py
keystone/tests/filtering.py,keystone/tests/unit/filtering.py
keystone/tests/identity_mapping.py,keystone/tests/unit/identity_mapping.py
keystone/tests/ksfixtures/database.py,keystone/tests/unit/ksfixtures/database.py
keystone/tests/ksfixtures/hacking.py,keystone/tests/unit/ksfixtures/hacking.py
keystone/tests/ksfixtures/temporaryfile.py,keystone/tests/unit/ksfixtures/temporaryfile.py
keystone/tests/mapping_fixtures.py,keystone/tests/unit/mapping_fixtures.py
keystone/tests/rest.py,keystone/tests/unit/rest.py
keystone/tests/saml2/idp_saml2_metadata.xml,keystone/tests/unit/saml2/idp_saml2_metadata.xml
keystone/tests/saml2/signed_saml2_assertion.xml,keystone/tests/unit/saml2/signed_saml2_assertion.xml
keystone/tests/test_associate_project_endpoint_extension.py,keystone/tests/unit/test_associate_project_endpoint_extension.py
keystone/tests/test_backend_endpoint_policy.py,keystone/tests/unit/test_backend_endpoint_policy.py
keystone/tests/test_backend_endpoint_policy_sql.py,keystone/tests/unit/test_backend_endpoint_policy_sql.py
keystone/tests/test_backend_federation_sql.py,keystone/tests/unit/test_backend_federation_sql.py
keystone/tests/test_backend_id_mapping_sql.py,keystone/tests/unit/test_backend_id_mapping_sql.py
keystone/tests/test_backend_ldap_pool.py,keystone/tests/unit/test_backend_ldap_pool.py
keystone/tests/test_backend_rules.py,keystone/tests/unit/test_backend_rules.py
keystone/tests/test_cache.py,keystone/tests/unit/test_cache.py
keystone/tests/test_cache_backend_mongo.py,keystone/tests/unit/test_cache_backend_mongo.py
keystone/tests/test_cli.py,keystone/tests/unit/test_cli.py
keystone/tests/test_contrib_simple_cert.py,keystone/tests/unit/test_contrib_simple_cert.py
keystone/tests/test_driver_hints.py,keystone/tests/unit/test_driver_hints.py
keystone/tests/test_ec2_token_middleware.py,keystone/tests/unit/test_ec2_token_middleware.py
keystone/tests/test_kvs.py,keystone/tests/unit/test_kvs.py
keystone/tests/test_ldap_pool_livetest.py,keystone/tests/unit/test_ldap_pool_livetest.py
keystone/tests/test_revoke.py,keystone/tests/unit/test_revoke.py
keystone/tests/test_v2_controller.py,keystone/tests/unit/test_v2_controller.py
keystone/tests/test_v3_assignment.py,keystone/tests/unit/test_v3_assignment.py
keystone/tests/test_v3_controller.py,keystone/tests/unit/test_v3_controller.py
keystone/tests/test_v3_endpoint_policy.py,keystone/tests/unit/test_v3_endpoint_policy.py
keystone/tests/test_v3_federation.py,keystone/tests/unit/test_v3_federation.py
keystone/tests/test_v3_filters.py,keystone/tests/unit/test_v3_filters.py
keystone/tests/test_v3_oauth1.py,keystone/tests/unit/test_v3_oauth1.py
keystone/tests/test_v3_os_revoke.py,keystone/tests/unit/test_v3_os_revoke.py
keystone/tests/test_validation.py,keystone/tests/unit/test_validation.py
keystone/tests/utils.py,keystone/tests/unit/utils.py
keystone/tests/unit/token/test_klwt_provider.py,keystone/tests/unit/token/test_fernet_provider.py
keystone/token/providers/klwt/__init__.py,keystone/token/providers/fernet/__init__.py
keystone/token/providers/klwt/core.py,keystone/token/providers/fernet/core.py
keystone/token/providers/klwt/token_formatters.py,keystone/token/providers/fernet/token_formatters.py,keystone/token/token_formatters.py
keystone/token/providers/klwt/utils.py,keystone/token/providers/fernet/utils.py,keystone/common/fernet_utils.py,keystone/common/token_utils.py,keystone/common/fernet_utils.py
keystone/tests/unit/test_core.py,keystone/tests/unit/tests/test_core.py
keystone/contrib/endpoint_policy/controllers.py,keystone/endpoint_policy/controllers.py
keystone/contrib/endpoint_policy/core.py,keystone/endpoint_policy/core.py
rally-scenarios/README.rst,rally-jobs/README.rst
rally-scenarios/keystone.yaml,rally-jobs/keystone.yaml
doc/source/extensions/openidc.rst,doc/source/federation/openidc.rst,doc/source/advanced-topics/federation/openidc.rst,doc/source/admin/federation/openidc.rst,doc/source/admin/federation/openidc.inc
doc/source/extensions/shibboleth.rst,doc/source/federation/shibboleth.rst,doc/source/advanced-topics/federation/shibboleth.rst,doc/source/admin/federation/shibboleth.rst,doc/source/admin/federation/shibboleth.inc
doc/source/extensions/websso.rst,doc/source/federation/websso.rst,doc/source/advanced-topics/federation/websso.rst,doc/source/admin/federation/websso.rst
keystone/hacking/__init__.py,keystone/tests/hacking/__init__.py
keystone/hacking/checks.py,keystone/tests/hacking/checks.py
keystone/cli.py,keystone/cmd/cli.py
keystone/clean.py,keystone/common/clean.py
keystone/backends.py,keystone/server/backends.py
keystone/controllers.py,keystone/version/controllers.py
keystone/routers.py,keystone/version/routers.py
keystone/contrib/federation/constants.py,keystone/federation/constants.py
keystone/contrib/federation/controllers.py,keystone/federation/controllers.py
keystone/contrib/federation/core.py,keystone/federation/core.py
keystone/contrib/federation/idp.py,keystone/federation/idp.py
keystone/contrib/federation/schema.py,keystone/federation/schema.py
keystone/contrib/federation/utils.py,keystone/federation/utils.py
keystone/contrib/oauth1/controllers.py,keystone/oauth1/controllers.py
keystone/contrib/oauth1/core.py,keystone/oauth1/core.py
keystone/contrib/oauth1/validator.py,keystone/oauth1/validator.py
keystone/contrib/revoke/controllers.py,keystone/revoke/controllers.py
keystone/contrib/revoke/core.py,keystone/revoke/core.py
keystone/contrib/revoke/model.py,keystone/revoke/model.py
doc/source/devref/online_schema_migration_examples.rst,doc/source/online_schema_migration_examples.rst
keystone/tests/unit/backend/domain_config/__init__.py,keystone/tests/unit/resource/config_backends/__init__.py
keystone/tests/unit/backend/domain_config/test_sql.py,keystone/tests/unit/resource/config_backends/test_sql.py
keystone/tests/unit/backend/role/__init__.py,keystone/tests/unit/assignment/role_backends/__init__.py
keystone/tests/unit/backend/role/test_sql.py,keystone/tests/unit/assignment/role_backends/test_sql.py
keystone/tests/unit/backend/role/core.py,keystone/tests/unit/assignment/test_core.py
keystone/tests/unit/schema.py,keystone/tests/unit/schema/v2.py
doc/source/configure_federation.rst,doc/source/federation/configure_federation.rst,doc/source/advanced-topics/federation/configure_federation.rst,doc/source/admin/federation/configure_federation.rst
doc/source/mapping_combinations.rst,doc/source/federation/mapping_combinations.rst,doc/source/advanced-topics/federation/mapping_combinations.rst,doc/source/admin/federation/mapping_combinations.rst
doc/source/mapping_schema.rst,doc/source/federation/mapping_schema.rst
keystone/tests/unit/common/test_ldap.py,keystone/tests/unit/identity/backends/test_ldap_common.py
api-ref/source/v2/samples/OS-KSADM/credentials-show-response.json,api-ref/source/v2-ext/samples/OS-KSADM/credentials-show-response.json,api-ref/source/v2-ext/samples/OS-KSEC2/credentials-show-response.json
api-ref/source/v2/samples/OS-KSADM/role-create-request.json,api-ref/source/v2-ext/samples/OS-KSADM/role-create-request.json
api-ref/source/v2/samples/OS-KSADM/role-show-response.json,api-ref/source/v2-ext/samples/OS-KSADM/role-show-response.json
api-ref/source/v2/samples/OS-KSADM/roles-list-response.json,api-ref/source/v2-ext/samples/OS-KSADM/roles-list-response.json
api-ref/source/v2/samples/OS-KSADM/service-create-request.json,api-ref/source/v2-ext/samples/OS-KSADM/service-create-request.json
api-ref/source/v2/samples/OS-KSADM/service-show-response.json,api-ref/source/v2-ext/samples/OS-KSADM/service-show-response.json
api-ref/source/v2/samples/OS-KSADM/services-list-response.json,api-ref/source/v2-ext/samples/OS-KSADM/services-list-response.json
api-ref/source/v2/samples/OS-KSADM/tenant-show-response.json,api-ref/source/v2-ext/samples/OS-KSADM/tenant-show-response.json
api-ref/source/v2/samples/OS-KSADM/tenant-update-request.json,api-ref/source/v2-ext/samples/OS-KSADM/tenant-update-request.json,api-ref/source/v2-admin/samples/admin/tenant-update-request.json
api-ref/source/v2/samples/OS-KSADM/tenantwithoutid-create-request.json,api-ref/source/v2-ext/samples/OS-KSADM/tenantwithoutid-create-request.json,api-ref/source/v2-admin/samples/admin/tenantwithoutid-create-request.json
api-ref/source/v2/samples/OS-KSADM/user-roles-list-response.json,api-ref/source/v2-ext/samples/OS-KSADM/user-roles-list-response.json
api-ref/source/v2/samples/OS-KSADM/user-show-response.json,api-ref/source/v2-ext/samples/OS-KSADM/user-show-response.json
api-ref/source/v2/samples/OS-KSADM/user-update-request.json,api-ref/source/v2-ext/samples/OS-KSADM/user-update-request.json
api-ref/source/v2/samples/OS-KSADM/users-list-response.json,api-ref/source/v2-ext/samples/OS-KSADM/users-list-response.json
api-ref/source/v2/samples/OS-KSADM/userwithenabledonly-enable-request.json,api-ref/source/v2-ext/samples/OS-KSADM/userwithenabledonly-enable-request.json,api-ref/source/v2-ext/samples/OS-KSADM/user-set-enabled-request.json
api-ref/source/v2/samples/OS-KSADM/userwithenabledonly-show-response.json,api-ref/source/v2-ext/samples/OS-KSADM/userwithenabledonly-show-response.json
api-ref/source/v2/samples/OS-KSADM/userwithoutid-create-request.json,api-ref/source/v2-ext/samples/OS-KSADM/userwithoutid-create-request.json
api-ref/source/v2/samples/OS-KSEC2/credentialswithec2-list-response.json,api-ref/source/v2-ext/samples/OS-KSEC2/credentialswithec2-list-response.json
api-ref/source/v2/samples/OS-KSEC2/ec2Credentials-create-request.json,api-ref/source/v2-ext/samples/OS-KSEC2/ec2Credentials-create-request.json
api-ref/source/v2/samples/OS-KSEC2/ec2Credentials-show-response.json,api-ref/source/v2-ext/samples/OS-KSEC2/ec2Credentials-show-response.json
api-ref/source/v3/samples/OS-ENDPOINT-POLICY/policy-endpoint-associations-list-response.json,api-ref/source/v3-ext/samples/OS-ENDPOINT-POLICY/policy-endpoint-associations-list-response.json
api-ref/source/v3/samples/OS-ENDPOINT-POLICY/policy-show-response.json,api-ref/source/v3-ext/samples/OS-ENDPOINT-POLICY/policy-show-response.json
api-ref/source/v3/samples/OS-INHERIT/group-roles-domain-list-response.json,api-ref/source/v3-ext/samples/OS-INHERIT/group-roles-domain-list-response.json,api-ref/source/v3/samples/admin/group-roles-domain-list-response.json
api-ref/source/v3/samples/OS-INHERIT/group-roles-list-response.json,api-ref/source/v3-ext/samples/OS-INHERIT/group-roles-list-response.json,api-ref/source/v3/samples/admin/group-roles-list-response.json
api-ref/source/v3/samples/OS-INHERIT/role-assignments-effective-list-response.json,api-ref/source/v3-ext/samples/OS-INHERIT/role-assignments-effective-list-response.json
api-ref/source/v3/samples/OS-INHERIT/role-assignments-list-response.json,api-ref/source/v3-ext/samples/OS-INHERIT/role-assignments-list-response.json
api-ref/source/v3/samples/OS-INHERIT/user-roles-domain-list-response.json,api-ref/source/v3-ext/samples/OS-INHERIT/user-roles-domain-list-response.json,api-ref/source/v3/samples/admin/user-roles-domain-list-response.json
api-ref/source/v3/samples/OS-INHERIT/user-roles-list-response.json,api-ref/source/v3-ext/samples/OS-INHERIT/user-roles-list-response.json,api-ref/source/v3/samples/admin/user-roles-list-response.json
api-ref/source/v3/samples/OS-TRUST/trust-create-request.json,api-ref/source/v3-ext/samples/OS-TRUST/trust-create-request.json
api-ref/source/v3/samples/OS-TRUST/trust-create-response.json,api-ref/source/v3-ext/samples/OS-TRUST/trust-create-response.json
keystone/conf/base.py,keystone/conf/default.py
api-ref/source/v2/samples/admin/endpoints-list-response.json,api-ref/source/v2-admin/samples/admin/endpoints-list-response.json,api-ref/source/v2-admin/samples/admin/token-endpoints-list-response.json
api-ref/source/v2/samples/admin/roles-list-response.json,api-ref/source/v2-admin/samples/admin/roles-list-response.json
api-ref/source/v2/samples/admin/tenant-show-response.json,api-ref/source/v2-admin/samples/admin/tenant-show-response.json
api-ref/source/v2/samples/admin/token-validate-response.json,api-ref/source/v2-admin/samples/admin/token-validate-response.json
api-ref/source/v2/samples/admin/user-create-request.json,api-ref/source/v2-admin/samples/admin/user-create-request.json
api-ref/source/v2/samples/admin/user-show-response.json,api-ref/source/v2-admin/samples/admin/user-show-response.json
api-ref/source/v2/samples/admin/user-update-request.json,api-ref/source/v2-admin/samples/admin/user-update-request.json
api-ref/source/v3-ext/identity_v3_OS-ENDPOINT-POLICY-ext.inc,api-ref/source/v3-ext/endpoint-policy.inc
api-ref/source/v3/identity_v3_OS-OAUTH1.inc,api-ref/source/v3-ext/oauth.inc
api-ref/source/v3/samples/OS-OAUTH1/access-token-create-response.txt,api-ref/source/v3-ext/samples/OS-OAUTH1/access-token-create-response.txt
api-ref/source/v3/samples/OS-OAUTH1/access-token-show-response.json,api-ref/source/v3-ext/samples/OS-OAUTH1/access-token-show-response.json
api-ref/source/v3/samples/OS-OAUTH1/access-tokens-list-response.json,api-ref/source/v3-ext/samples/OS-OAUTH1/access-tokens-list-response.json
api-ref/source/v3/samples/OS-OAUTH1/authorize-update-response.json,api-ref/source/v3-ext/samples/OS-OAUTH1/authorize-update-response.json,api-ref/source/v3-ext/samples/OS-OAUTH1/authorize-request-token-response.json
api-ref/source/v3/samples/OS-OAUTH1/consumer-show-response.json,api-ref/source/v3-ext/samples/OS-OAUTH1/consumer-show-response.json
api-ref/source/v3/samples/OS-OAUTH1/consumer-update-request.json,api-ref/source/v3-ext/samples/OS-OAUTH1/consumer-update-request.json
api-ref/source/v3/samples/OS-OAUTH1/consumer-update-response.json,api-ref/source/v3-ext/samples/OS-OAUTH1/consumer-update-response.json
api-ref/source/v3/samples/OS-OAUTH1/consumers-create-request.json,api-ref/source/v3-ext/samples/OS-OAUTH1/consumers-create-request.json,api-ref/source/v3-ext/samples/OS-OAUTH1/consumer-create-request.json
api-ref/source/v3/samples/OS-OAUTH1/consumers-create-response.json,api-ref/source/v3-ext/samples/OS-OAUTH1/consumers-create-response.json,api-ref/source/v3-ext/samples/OS-OAUTH1/consumer-create-response.json
api-ref/source/v3/samples/OS-OAUTH1/consumers-list-response.json,api-ref/source/v3-ext/samples/OS-OAUTH1/consumers-list-response.json
api-ref/source/v3/samples/OS-OAUTH1/request-token-create-response.txt,api-ref/source/v3-ext/samples/OS-OAUTH1/request-token-create-response.txt
api-ref/source/v3-ext/inherit.inc,api-ref/source/v3/inherit.inc
api-ref/source/v3-ext/samples/OS-FEDERATION/idp-add-protocol-request.json,api-ref/source/v3-ext/federation/identity-provider/samples/add-protocol-request.json
api-ref/source/v3-ext/samples/OS-FEDERATION/idp-add-protocol-response.json,api-ref/source/v3-ext/federation/identity-provider/samples/add-protocol-response.json
api-ref/source/v3-ext/samples/OS-FEDERATION/idp-get-protocol-response.json,api-ref/source/v3-ext/federation/identity-provider/samples/get-protocol-response.json
api-ref/source/v3-ext/samples/OS-FEDERATION/idp-get-response.json,api-ref/source/v3-ext/federation/identity-provider/samples/get-response.json
api-ref/source/v3-ext/samples/OS-FEDERATION/idp-list-protocol-response.json,api-ref/source/v3-ext/federation/identity-provider/samples/list-protocol-response.json
api-ref/source/v3-ext/samples/OS-FEDERATION/idp-list-response.json,api-ref/source/v3-ext/federation/identity-provider/samples/list-response.json
api-ref/source/v3-ext/samples/OS-FEDERATION/idp-register-request.json,api-ref/source/v3-ext/federation/identity-provider/samples/register-request.json
api-ref/source/v3-ext/samples/OS-FEDERATION/idp-register-response.json,api-ref/source/v3-ext/federation/identity-provider/samples/register-response.json
api-ref/source/v3-ext/samples/OS-FEDERATION/idp-update-protocol-request.json,api-ref/source/v3-ext/federation/identity-provider/samples/update-protocol-request.json
api-ref/source/v3-ext/samples/OS-FEDERATION/idp-update-protocol-response.json,api-ref/source/v3-ext/federation/identity-provider/samples/update-protocol-response.json
api-ref/source/v3-ext/samples/OS-FEDERATION/idp-update-request.json,api-ref/source/v3-ext/federation/identity-provider/samples/update-request.json
api-ref/source/v3-ext/samples/OS-FEDERATION/idp-update-response.json,api-ref/source/v3-ext/federation/identity-provider/samples/update-response.json
api-ref/source/v3-ext/federation/identity-provider/index.inc,api-ref/source/v3-ext/federation/identity-provider/idp.inc
api-ref/source/v3-ext/samples/OS-FEDERATION/mapping-create-request.json,api-ref/source/v3-ext/federation/mapping/samples/create-request.json
api-ref/source/v3-ext/samples/OS-FEDERATION/mapping-create-response.json,api-ref/source/v3-ext/federation/mapping/samples/create-response.json
api-ref/source/v3-ext/samples/OS-FEDERATION/mapping-get-response.json,api-ref/source/v3-ext/federation/mapping/samples/get-response.json
api-ref/source/v3-ext/samples/OS-FEDERATION/mapping-list-response.json,api-ref/source/v3-ext/federation/mapping/samples/list-response.json
api-ref/source/v3-ext/samples/OS-FEDERATION/mapping-update-request.json,api-ref/source/v3-ext/federation/mapping/samples/update-request.json
api-ref/source/v3-ext/samples/OS-FEDERATION/mapping-update-response.json,api-ref/source/v3-ext/federation/mapping/samples/update-response.json
api-ref/source/v3-ext/samples/OS-FEDERATION/sp-get-response.json,api-ref/source/v3-ext/federation/service-provider/samples/get-response.json
api-ref/source/v3-ext/samples/OS-FEDERATION/sp-list-response.json,api-ref/source/v3-ext/federation/service-provider/samples/list-response.json
api-ref/source/v3-ext/samples/OS-FEDERATION/sp-register-request.json,api-ref/source/v3-ext/federation/service-provider/samples/register-request.json
api-ref/source/v3-ext/samples/OS-FEDERATION/sp-register-response.json,api-ref/source/v3-ext/federation/service-provider/samples/register-response.json
api-ref/source/v3-ext/samples/OS-FEDERATION/sp-update-request.json,api-ref/source/v3-ext/federation/service-provider/samples/update-request.json
api-ref/source/v3-ext/samples/OS-FEDERATION/sp-update-response.json,api-ref/source/v3-ext/federation/service-provider/samples/update-response.json
api-ref/source/v3-ext/samples/OS-FEDERATION/domain-list-response.json,api-ref/source/v3-ext/federation/projects-domains/samples/domain-list-response.json
api-ref/source/v3-ext/samples/OS-FEDERATION/project-list-response.json,api-ref/source/v3-ext/federation/projects-domains/samples/project-list-response.json
api-ref/source/v3-ext/samples/OS-FEDERATION/scoped-token-request.json,api-ref/source/v3-ext/federation/auth/samples/scoped-token-request.json
api-ref/source/v3-ext/samples/OS-FEDERATION/scoped-token-response.json,api-ref/source/v3-ext/federation/auth/samples/scoped-token-response.json
api-ref/source/v3-ext/samples/OS-FEDERATION/unscoped-token-response.json,api-ref/source/v3-ext/federation/auth/samples/unscoped-token-response.json
api-ref/source/v3-ext/samples/OS-FEDERATION/ecp-saml-assertion-request.json,api-ref/source/v3-ext/federation/assertion/samples/ecp-saml-assertion-request.json
api-ref/source/v3-ext/samples/OS-FEDERATION/ecp-saml-assertion-response.xml,api-ref/source/v3-ext/federation/assertion/samples/ecp-saml-assertion-response.xml
api-ref/source/v3-ext/samples/OS-FEDERATION/metadata-response.xml,api-ref/source/v3-ext/federation/assertion/samples/metadata-response.xml
api-ref/source/v3-ext/samples/OS-FEDERATION/saml-assertion-request.json,api-ref/source/v3-ext/federation/assertion/samples/saml-assertion-request.json
api-ref/source/v3-ext/samples/OS-FEDERATION/saml-assertion-response.xml,api-ref/source/v3-ext/federation/assertion/samples/saml-assertion-response.xml
other-requirements.txt,bindep.txt
keystone/common/sql/migration_helpers.py,keystone/common/sql/upgrades.py
keystone/tests/unit/token/test_provider.py,keystone/tests/unit/token/test_common.py
"""\tkeystone/tests/unit/credential/test_backend_sql.py""",keystone/tests/unit/credential/test_backend_sql.py
doc/source/api_change_tutorial.rst,doc/source/devref/api_change_tutorial.rst,doc/source/contributor/api_change_tutorial.rst
doc/source/developing_drivers.rst,doc/source/devref/developing_drivers.rst,doc/source/devref/developing-drivers.rst,doc/source/contributor/developing-drivers.rst
doc/source/http-api.rst,doc/source/devref/http-api.rst,doc/source/contributor/http-api.rst
doc/source/services.rst,doc/source/devref/services.rst,doc/source/contributor/services.rst
keystone_tempest_plugin/tests/api/identity/base.py,keystone_tempest_plugin/tests/base.py
api-ref/source/v3-ext/samples/OS-EP-FILTER/get-projects-response.json,api-ref/source/v3-ext/samples/OS-EP-FILTER/list-associations-by-endpoint-response.json
api-ref/source/v3-ext/samples/OS-EP-FILTER/list-endpoints-response.json,api-ref/source/v3-ext/samples/OS-EP-FILTER/list-associations-by-project-response.json
releasenotes/notes/fetch-expired-token-f5d845b9601bc1ef.yaml,releasenotes/notes/bp-allow-expired-f5d845b9601bc1ef.yaml
releasenotes/notes/pci-dss-notifications-808a205a637bac25.yaml,releasenotes/notes/bp-pci-dss-notifications-808a205a637bac25.yaml
releasenotes/notes/pci-dss-query-password-expired-users-a7c96a3843bb9abc.yaml,releasenotes/notes/bp-pci-dss-query-password-expired-users-a7c96a3843bb9abc.yaml
releasenotes/notes/move-token-provider-base-class-out-of-core-134df5b99ea48f00.yaml,releasenotes/notes/bug-1563101-134df5b99ea48f00.yaml
releasenotes/notes/validate-mapping-exists-for-federation-protocol-1bcaea5337905af0.yaml,releasenotes/notes/bug-1571878-1bcaea5337905af0.yaml
releasenotes/notes/auth-method-handler-interface-17834ba2dde668ae.yaml,releasenotes/notes/bug-1659730-17834ba2dde668ae.yaml
keystone/common/sql/contract_repo/versions/013_protocol_cascade_delete_for_federated_user.py,keystone/common/sql/contract_repo/versions/013_contract_protocol_cascade_delete_for_federated_user.py
keystone/common/sql/data_migration_repo/versions/013_protocol_cascade_delete_for_federated_user.py,keystone/common/sql/data_migration_repo/versions/013_migrate_protocol_cascade_delete_for_federated_user.py
keystone/common/sql/expand_repo/versions/013_protocol_cascade_delete_for_federated_user.py,keystone/common/sql/expand_repo/versions/013_expand_protocol_cascade_delete_for_federated_user.py
keystone/releasenotes/notes/unset-user-default_project_id-when-project-is-deleted-4d42c841b6e7e54e.yaml,releasenotes/notes/bug-1523369-4d42c841b6e7e54e.yaml
etc/keystone-policy-generator.conf,config-generator/keystone-policy-generator.conf
doc/source/auth-totp.rst,doc/source/advanced-topics/auth-totp.rst,doc/source/admin/auth-totp.rst
doc/source/configure_tokenless_x509.rst,doc/source/advanced-topics/configure_tokenless_x509.rst,doc/source/admin/configure_tokenless_x509.rst
doc/source/event_notifications.rst,doc/source/advanced-topics/event_notifications.rst,doc/source/admin/event_notifications.rst
doc/source/external-auth.rst,doc/source/advanced-topics/external-auth.rst,doc/source/admin/identity-external-authentication.rst,doc/source/admin/external-authentication.rst
doc/source/federation/federated_identity.rst,doc/source/advanced-topics/federation/federated_identity.rst,doc/source/admin/federation/federated_identity.rst
doc/source/federation/mellon.rst,doc/source/advanced-topics/federation/mellon.rst,doc/source/admin/federation/mellon.rst,doc/source/admin/federation/mellon.inc
doc/source/security_compliance.rst,doc/source/advanced-topics/security_compliance.rst
doc/source/apache-httpd.rst,doc/source/getting-started/apache-httpd.rst
doc/source/installing.rst,doc/source/getting-started/installing.rst
doc/source/performance.rst,doc/source/getting-started/performance.rst,doc/source/admin/identity-performance.rst,doc/source/admin/performance.rst,doc/source/admin/performance.inc
doc/source/policy_mapping.rst,doc/source/getting-started/policy_mapping.rst
doc/source/upgrading.rst,doc/source/getting-started/upgrading.rst,doc/source/admin/identity-upgrading.rst,doc/source/admin/upgrading.rst
doc/source/sample_config.rst,doc/source/sample_files/sample_config.rst
doc/source/sample_policy.rst,doc/source/sample_files/sample_policy.rst
doc/source/token-support-matrix.ini,doc/source/admin/token-support-matrix.ini
doc/source/configuration/samples/policy-json.rst,doc/source/configuration/samples/policy-yaml.rst
doc/source/admin/identity-management.rst,doc/source/admin/index.rst
doc/source/devref/build-docs.rst,doc/source/devref/architecture.rst,doc/source/contributor/architecture.rst
doc/source/devref/setup.rst,doc/source/devref/external-dev.rst,doc/source/contributor/external-dev.rst
doc/source/devref/auth-plugins.rst,doc/source/contributor/auth-plugins.rst
doc/source/devref/caching-layer.rst,doc/source/contributor/caching-layer.rst
doc/source/devref/database-migrations.rst,doc/source/contributor/database-migrations.rst
doc/source/devref/doctor-checks.rst,doc/source/contributor/doctor-checks.rst
doc/source/devref/filtering-responsibilities.rst,doc/source/contributor/filtering-responsibilities.rst
doc/source/devref/id-manage.rst,doc/source/contributor/id-manage.rst
doc/source/devref/index.rst,doc/source/contributor/index.rst
doc/source/devref/list-truncation.rst,doc/source/contributor/list-truncation.rst
doc/source/devref/release-notes.rst,doc/source/contributor/release-notes.rst
doc/source/devref/testing-keystone.rst,doc/source/contributor/testing-keystone.rst
doc/source/devref/translated-responses.rst,doc/source/contributor/translated-responses.rst
doc/source/man/commands.rst,doc/source/cli/commands.rst
doc/source/install/common/get-started-identity.rst,doc/source/install/common/get-started-identity.inc
doc/source/install/keystone-users.rst,doc/source/install/common/keystone-users.inc
doc/source/install/keystone-openrc.rst,doc/source/install/common/openrc.inc
api-ref/source/v3/samples/admin/auth-password-project-scoped-request.json,api-ref/source/v3/samples/auth/requests/project-id-password.json
keystone/version/__init__.py,keystone/version.py
playbooks/legacy/keystone-dsvm-py35-functional-v3-only/post.yaml,playbooks/legacy/keystone-dsvm-py35-functional-federation/post.yaml
playbooks/legacy/keystone-dsvm-py35-functional-v3-only/run.yaml,playbooks/legacy/keystone-dsvm-py35-functional-federation/run.yaml
playbooks/legacy/keystone-dsvm-functional-v3-only/post.yaml,playbooks/legacy/keystone-dsvm-functional-federation/post.yaml
playbooks/legacy/keystone-dsvm-functional-v3-only/run.yaml,playbooks/legacy/keystone-dsvm-functional-federation/run.yaml
keystone/middleware/auth.py,keystone/server/flask/request_processing/middleware/auth_context.py
doc/source/admin/identity-auth-token-middleware.rst,doc/source/admin/auth-token-middleware.rst
doc/source/admin/identity-bootstrap.rst,doc/source/admin/bootstrap.rst
doc/source/admin/identity-caching-layer.rst,doc/source/admin/caching-layer.rst,doc/source/admin/caching-layer.inc
doc/source/admin/identity-case-insensitive.rst,doc/source/admin/case-insensitive.rst
doc/source/admin/identity-certificates-for-pki.rst,doc/source/admin/certificates-for-pki.rst
doc/source/admin/identity-credential-encryption.rst,doc/source/admin/credential-encryption.rst
doc/source/admin/identity-domain-specific-config.rst,doc/source/admin/domain-specific-config.rst,doc/source/admin/domain-specific-config.inc
doc/source/admin/identity-fernet-token-faq.rst,doc/source/admin/fernet-token-faq.rst
doc/source/admin/identity-integrate-with-ldap.rst,doc/source/admin/integrate-with-ldap.rst,doc/source/admin/integrate-with-ldap.inc
doc/source/admin/identity-keystone-usage-and-features.rst,doc/source/admin/keystone-usage-and-features.rst
doc/source/admin/identity-resource-options.rst,doc/source/admin/resource-options.rst
doc/source/admin/identity-security-compliance.rst,doc/source/admin/security-compliance.rst,doc/source/admin/security-compliance.inc
doc/source/admin/identity-service-api-protection.rst,doc/source/admin/service-api-protection.rst
doc/source/admin/identity-tokens.rst,doc/source/admin/tokens.rst
doc/source/admin/identity-troubleshoot.rst,doc/source/admin/troubleshoot.rst,doc/source/admin/troubleshoot.inc
doc/source/admin/identity-unified-limits.rst,doc/source/admin/unified-limits.rst
doc/source/admin/identity-url-safe-naming.rst,doc/source/admin/url-safe-naming.rst,doc/source/admin/url-safe-naming.inc
doc/source/admin/identity-use-trusts.rst,doc/source/admin/use-trusts.rst,doc/source/user/trusts.rst
doc/source/identity-support-matrix.ini,doc/source/admin/identity-support-matrix.ini
doc/source/admin/cli-keystone-manage-services.rst,doc/source/admin/manage-services.rst
doc/source/admin/endpoint-filtering.rst,doc/source/admin/endpoint-filtering.inc
doc/source/admin/endpoint-policy.rst,doc/source/admin/endpoint-policy.inc
doc/source/admin/limit-list-size.rst,doc/source/admin/limit-list-size.inc
doc/source/admin/logging.rst,doc/source/admin/logging.inc
keystone/common/resource_options.py,keystone/common/resource_options/core.py
keystone/tests/unit/protection/__init__.py,keystone/tests/protection/__init__.py
keystone/tests/unit/protection/v3/__init__.py,keystone/tests/protection/v3/__init__.py
keystone/tests/unit/protection/v3/test_application_credential.py,keystone/tests/protection/v3/test_application_credential.py
keystone/tests/unit/protection/v3/test_assignment.py,keystone/tests/protection/v3/test_assignment.py
keystone/tests/unit/protection/v3/test_credentials.py,keystone/tests/protection/v3/test_credentials.py
keystone/tests/unit/protection/v3/test_domains.py,keystone/tests/protection/v3/test_domains.py
keystone/tests/unit/protection/v3/test_endpoint_group.py,keystone/tests/protection/v3/test_endpoint_group.py
keystone/tests/unit/protection/v3/test_endpoints.py,keystone/tests/protection/v3/test_endpoints.py
keystone/tests/unit/protection/v3/test_grants.py,keystone/tests/protection/v3/test_grants.py
keystone/tests/unit/protection/v3/test_groups.py,keystone/tests/protection/v3/test_groups.py
keystone/tests/unit/protection/v3/test_identity_providers.py,keystone/tests/protection/v3/test_identity_providers.py
keystone/tests/unit/protection/v3/test_limits.py,keystone/tests/protection/v3/test_limits.py
keystone/tests/unit/protection/v3/test_mappings.py,keystone/tests/protection/v3/test_mappings.py
keystone/tests/unit/protection/v3/test_policy.py,keystone/tests/protection/v3/test_policy.py
keystone/tests/unit/protection/v3/test_policy_association.py,keystone/tests/protection/v3/test_policy_association.py
keystone/tests/unit/protection/v3/test_projects.py,keystone/tests/protection/v3/test_projects.py
keystone/tests/unit/protection/v3/test_protocols.py,keystone/tests/protection/v3/test_protocols.py
keystone/tests/unit/protection/v3/test_regions.py,keystone/tests/protection/v3/test_regions.py
keystone/tests/unit/protection/v3/test_registered_limits.py,keystone/tests/protection/v3/test_registered_limits.py
keystone/tests/unit/protection/v3/test_roles.py,keystone/tests/protection/v3/test_roles.py
keystone/tests/unit/protection/v3/test_service_providers.py,keystone/tests/protection/v3/test_service_providers.py
keystone/tests/unit/protection/v3/test_services.py,keystone/tests/protection/v3/test_services.py
keystone/tests/unit/protection/v3/test_system_assignments.py,keystone/tests/protection/v3/test_system_assignments.py
keystone/tests/unit/protection/v3/test_tokens.py,keystone/tests/protection/v3/test_tokens.py
keystone/tests/unit/protection/v3/test_trusts.py,keystone/tests/protection/v3/test_trusts.py
keystone/tests/unit/protection/v3/test_users.py,keystone/tests/protection/v3/test_users.py
keystone/tests/unit/protection/v3/test_access_rules.py,keystone/tests/protection/v3/test_access_rules.py
keystone/tests/unit/protection/v3/test_consumer.py,keystone/tests/protection/v3/test_consumer.py
keystone/tests/unit/protection/v3/test_domain_config.py,keystone/tests/protection/v3/test_domain_config.py
keystone/tests/unit/protection/v3/test_domain_roles.py,keystone/tests/protection/v3/test_domain_roles.py
keystone/tests/unit/protection/v3/test_ec2_credential.py,keystone/tests/protection/v3/test_ec2_credential.py
keystone/tests/unit/protection/v3/test_implied_roles.py,keystone/tests/protection/v3/test_implied_roles.py
keystone/common/sql/contract_repo/versions/001_contract_initial_null_migration.py,keystone/common/sql/contract_repo/versions/001_contract_initial_migration.py,keystone/common/sql/contract_repo/versions/004_contract_initial_migration.py,keystone/common/sql/contract_repo/versions/016_contract_initial_migration.py,keystone/common/sql/contract_repo/versions/024_contract_initial_migration.py,keystone/common/sql/contract_repo/versions/037_contract_initial_migration.py,keystone/common/sql/contract_repo/versions/048_contract_initial_migration.py,keystone/common/sql/contract_repo/versions/056_contract_initial_migration.py,keystone/common/sql/contract_repo/versions/066_contract_initial_migration.py,keystone/common/sql/contract_repo/versions/073_contract_initial_migration.py,keystone/common/sql/legacy_migrations/contract_repo/versions/073_contract_initial_migration.py
keystone/common/sql/data_migration_repo/versions/001_data_initial_null_migration.py,keystone/common/sql/data_migration_repo/versions/001_data_initial_migration.py,keystone/common/sql/data_migration_repo/versions/004_data_initial_migration.py,keystone/common/sql/data_migration_repo/versions/016_migrate_initial_migration.py,keystone/common/sql/data_migration_repo/versions/024_migrate_initial_migration.py,keystone/common/sql/data_migration_repo/versions/037_migrate_initial_migration.py,keystone/common/sql/data_migration_repo/versions/048_migrate_initial_migration.py,keystone/common/sql/data_migration_repo/versions/056_migrate_initial_migration.py,keystone/common/sql/data_migration_repo/versions/066_migrate_initial_migration.py,keystone/common/sql/data_migration_repo/versions/073_migrate_initial_migration.py,keystone/common/sql/legacy_migrations/data_migration_repo/versions/073_migrate_initial_migration.py
keystone/common/sql/expand_repo/versions/001_expand_initial_null_migration.py,keystone/common/sql/expand_repo/versions/001_expand_initial_migration.py,keystone/common/sql/expand_repo/versions/004_expand_initial_migration.py,keystone/common/sql/expand_repo/versions/016_expand_initial_migration.py,keystone/common/sql/expand_repo/versions/024_expand_initial_migration.py,keystone/common/sql/expand_repo/versions/037_expand_initial_migration.py,keystone/common/sql/expand_repo/versions/048_expand_initial_migration.py,keystone/common/sql/expand_repo/versions/056_expand_initial_migration.py,keystone/common/sql/expand_repo/versions/066_expand_initial_migration.py,keystone/common/sql/expand_repo/versions/073_expand_initial_migration.py,keystone/common/sql/legacy_migrations/expand_repo/versions/073_expand_initial_migration.py
keystone/common/sql/contract_repo/__init__.py,keystone/common/sql/legacy_migrations/__init__.py
keystone/common/sql/contract_repo/versions/__init__.py,keystone/common/sql/legacy_migrations/contract_repo/__init__.py
keystone/common/sql/contract_repo/manage.py,keystone/common/sql/legacy_migrations/contract_repo/manage.py
keystone/common/sql/contract_repo/migrate.cfg,keystone/common/sql/legacy_migrations/contract_repo/migrate.cfg
keystone/common/sql/contract_repo/versions/074_placeholder.py,keystone/common/sql/legacy_migrations/contract_repo/versions/074_placeholder.py
keystone/common/sql/contract_repo/versions/075_placeholder.py,keystone/common/sql/legacy_migrations/contract_repo/versions/075_placeholder.py
keystone/common/sql/contract_repo/versions/076_placeholder.py,keystone/common/sql/legacy_migrations/contract_repo/versions/076_placeholder.py
keystone/common/sql/contract_repo/versions/077_placeholder.py,keystone/common/sql/legacy_migrations/contract_repo/versions/077_placeholder.py
keystone/common/sql/contract_repo/versions/078_placeholder.py,keystone/common/sql/legacy_migrations/contract_repo/versions/078_placeholder.py
keystone/common/sql/contract_repo/versions/079_contract_update_local_id_limit.py,keystone/common/sql/legacy_migrations/contract_repo/versions/079_contract_update_local_id_limit.py
keystone/common/sql/data_migration_repo/__init__.py,keystone/common/sql/legacy_migrations/contract_repo/versions/__init__.py
keystone/common/sql/data_migration_repo/versions/__init__.py,keystone/common/sql/legacy_migrations/data_migration_repo/__init__.py
keystone/common/sql/data_migration_repo/manage.py,keystone/common/sql/legacy_migrations/data_migration_repo/manage.py
keystone/common/sql/data_migration_repo/migrate.cfg,keystone/common/sql/legacy_migrations/data_migration_repo/migrate.cfg
keystone/common/sql/data_migration_repo/versions/074_placeholder.py,keystone/common/sql/legacy_migrations/data_migration_repo/versions/074_placeholder.py
keystone/common/sql/data_migration_repo/versions/075_placeholder.py,keystone/common/sql/legacy_migrations/data_migration_repo/versions/075_placeholder.py
keystone/common/sql/data_migration_repo/versions/076_placeholder.py,keystone/common/sql/legacy_migrations/data_migration_repo/versions/076_placeholder.py
keystone/common/sql/data_migration_repo/versions/077_placeholder.py,keystone/common/sql/legacy_migrations/data_migration_repo/versions/077_placeholder.py
keystone/common/sql/data_migration_repo/versions/078_placeholder.py,keystone/common/sql/legacy_migrations/data_migration_repo/versions/078_placeholder.py
keystone/common/sql/data_migration_repo/versions/079_migrate_update_local_id_limit.py,keystone/common/sql/legacy_migrations/data_migration_repo/versions/079_migrate_update_local_id_limit.py
keystone/common/sql/expand_repo/__init__.py,keystone/common/sql/legacy_migrations/expand_repo/__init__.py
keystone/common/sql/expand_repo/manage.py,keystone/common/sql/legacy_migrations/expand_repo/manage.py
keystone/common/sql/expand_repo/migrate.cfg,keystone/common/sql/legacy_migrations/expand_repo/migrate.cfg
keystone/common/sql/expand_repo/versions/074_placeholder.py,keystone/common/sql/legacy_migrations/expand_repo/versions/074_placeholder.py
keystone/common/sql/expand_repo/versions/075_placeholder.py,keystone/common/sql/legacy_migrations/expand_repo/versions/075_placeholder.py
keystone/common/sql/expand_repo/versions/076_placeholder.py,keystone/common/sql/legacy_migrations/expand_repo/versions/076_placeholder.py
keystone/common/sql/expand_repo/versions/077_placeholder.py,keystone/common/sql/legacy_migrations/expand_repo/versions/077_placeholder.py
keystone/common/sql/expand_repo/versions/078_placeholder.py,keystone/common/sql/legacy_migrations/expand_repo/versions/078_placeholder.py
keystone/common/sql/expand_repo/versions/079_expand_update_local_id_limit.py,keystone/common/sql/legacy_migrations/expand_repo/versions/079_expand_update_local_id_limit.py
keystone/common/sql/expand_repo/versions/__init__.py,keystone/common/sql/legacy_migrations/expand_repo/versions/__init__.py
