tutorial/css/editor.css,themes/tutorial/css/editor.css
tutorial/css/form.css,themes/tutorial/css/form.css
tutorial/css/layout.css,themes/tutorial/css/layout.css
tutorial/css/typography.css,themes/tutorial/css/typography.css
tutorial/images/blueback.gif,themes/tutorial/images/blueback.gif
tutorial/images/body_bg.gif,themes/tutorial/images/body_bg.gif
tutorial/images/menu1_left.gif,themes/tutorial/images/menu1_left.gif
tutorial/images/menu1_left_on.gif,themes/tutorial/images/menu1_left_on.gif
tutorial/images/menu1_right.gif,themes/tutorial/images/menu1_right.gif
tutorial/images/menu1_right_on.gif,themes/tutorial/images/menu1_right_on.gif
tutorial/images/menu2_arrow.gif,themes/tutorial/images/menu2_arrow.gif
tutorial/images/ss_logo.gif,themes/tutorial/images/ss_logo.gif
tutorial/images/ss_watermark.gif,themes/tutorial/images/ss_watermark.gif
tutorial/images/treeicons/home-file.gif,themes/tutorial/images/treeicons/home-file.gif
tutorial/images/treeicons/news-file.gif,themes/tutorial/images/treeicons/news-file.gif
tutorial/images/welcome.png,themes/tutorial/images/welcome.png
tutorial/templates/Page.ss,themes/tutorial/templates/Page.ss
themes/mysite/css/editor.css,themes/tutorial/css/editor.css
install-sapphiremissing.html,install-frameworkmissing.html
assets/.gitignore,public/assets/.gitignore
assets/.htaccess,public/assets/.htaccess
assets/web.config,public/assets/web.config
favicon.ico,public/favicon.ico
mysite/_config/theme.yml,app/_config/theme.yml
.changelog.md.twig,.cow/changelog.md.twig
