internal/uxml/participle.go,internal/uxml/parse.go,internal/saml/uxml/parse.go
internal/testdata/assertion-adfs.xml,internal/saml/testdata/assertions/adfs/assertion.xml
internal/testdata/metadata-adfs.xml,internal/saml/testdata/assertions/adfs/metadata.xml
internal/testdata/assertion-google.xml,internal/saml/testdata/assertions/google/assertion.xml
internal/testdata/metadata-google.xml,internal/saml/testdata/assertions/google/metadata.xml
internal/testdata/assertion-jumpcloud.xml,internal/saml/testdata/assertions/jumpcloud/assertion.xml
internal/testdata/metadata-jumpcloud.xml,internal/saml/testdata/assertions/jumpcloud/metadata.xml
internal/testdata/assertion-okta.xml,internal/saml/testdata/assertions/okta/assertion.xml
internal/testdata/metadata-okta.xml,internal/saml/testdata/assertions/okta/metadata.xml
internal/testdata/assertion-ping.xml,internal/saml/testdata/assertions/ping/assertion.xml
internal/testdata/metadata-ping.xml,internal/saml/testdata/assertions/ping/metadata.xml
internal/samlres/samlres.go,internal/samltypes/response.go,internal/saml/samltypes/response.go
internal/c14n/tests/charmods/in.xml,internal/c14n/testdata/charmods/in.xml,internal/saml/c14n/testdata/charmods/in.xml
internal/c14n/tests/charmods/out.xml,internal/c14n/testdata/charmods/out.xml,internal/saml/c14n/testdata/charmods/out.xml
internal/c14n/tests/encoding/in.xml,internal/c14n/testdata/encoding/in.xml,internal/saml/c14n/testdata/encoding/in.xml
internal/c14n/tests/encoding/out.xml,internal/c14n/testdata/encoding/out.xml,internal/saml/c14n/testdata/encoding/out.xml
internal/c14n/tests/nested_redeclaration/in.xml,internal/c14n/testdata/nested_redeclaration/in.xml,internal/saml/c14n/testdata/nested_redeclaration/in.xml
internal/c14n/tests/nested_redeclaration/out.xml,internal/c14n/testdata/nested_redeclaration/out.xml,internal/saml/c14n/testdata/nested_redeclaration/out.xml
internal/c14n/tests/saml/in.xml,internal/c14n/testdata/saml/in.xml,internal/saml/c14n/testdata/saml/in.xml
internal/c14n/tests/saml/out.xml,internal/c14n/testdata/saml/out.xml,internal/saml/c14n/testdata/saml/out.xml
internal/c14n/tests/shadowing/in.xml,internal/c14n/testdata/shadowing/in.xml,internal/saml/c14n/testdata/shadowing/in.xml
internal/c14n/tests/shadowing/out.xml,internal/c14n/testdata/shadowing/out.xml,internal/saml/c14n/testdata/shadowing/out.xml
internal/c14n/tests/start_end/in.xml,internal/c14n/testdata/start_end/in.xml,internal/saml/c14n/testdata/start_end/in.xml
internal/c14n/tests/start_end/out.xml,internal/c14n/testdata/start_end/out.xml,internal/saml/c14n/testdata/start_end/out.xml
internal/c14n/tests/whitespace/in.xml,internal/c14n/testdata/whitespace/in.xml,internal/saml/c14n/testdata/whitespace/in.xml
internal/c14n/tests/whitespace/out.xml,internal/c14n/testdata/whitespace/out.xml,internal/saml/c14n/testdata/whitespace/out.xml
internal/c14n/c14n.go,internal/saml/c14n/c14n.go
internal/c14n/c14n_test.go,internal/saml/c14n/c14n_test.go
internal/dsig/dsig.go,internal/saml/dsig/dsig.go
internal/dsig/path.go,internal/saml/dsig/path.go
internal/samltypes/metadata.go,internal/saml/samltypes/metadata.go
internal/sortattr/sortattr.go,internal/saml/sortattr/sortattr.go
internal/sortattr/sortattr_test.go,internal/saml/sortattr/sortattr_test.go
internal/uxml/stack/stack.go,internal/saml/uxml/stack/stack.go
internal/uxml/stack/stack_test.go,internal/saml/uxml/stack/stack_test.go
internal/uxml/uxml.go,internal/saml/uxml/uxml.go
internal/apiservice/saml_sessions.go,internal/apiservice/saml.go
internal/apiservice/saml_login_events.go,internal/apiservice/saml_flow_steps.go
internal/store/saml_sessions.go,internal/store/saml.go
internal/appauth/appauthinterceptor/interceptor.go,internal/authn/authninterceptor/authninterceptor.go
app/src/pages/ListSAMLOAuthClientsPage.tsx,app/src/pages/ListAPIKeysPage.tsx
migrate/000001_init.down.sql,cmd/migrate/migrations/000001_init.down.sql
migrate/000001_init.up.sql,cmd/migrate/migrations/000001_init.up.sql
migrate/000002_saml_connections.down.sql,cmd/migrate/migrations/000002_saml_connections.down.sql
migrate/000002_saml_connections.up.sql,cmd/migrate/migrations/000002_saml_connections.up.sql
migrate/000003_saml_sessions.down.sql,cmd/migrate/migrations/000003_saml_sessions.down.sql
migrate/000003_saml_sessions.up.sql,cmd/migrate/migrations/000003_saml_sessions.up.sql
migrate/000004_api_keys.down.sql,cmd/migrate/migrations/000004_api_keys.down.sql
migrate/000004_api_keys.up.sql,cmd/migrate/migrations/000004_api_keys.up.sql
migrate/000005_app_users.down.sql,cmd/migrate/migrations/000005_app_users.down.sql
migrate/000005_app_users.up.sql,cmd/migrate/migrations/000005_app_users.up.sql
migrate/000006_env_display_name.down.sql,cmd/migrate/migrations/000006_env_display_name.down.sql
migrate/000006_env_display_name.up.sql,cmd/migrate/migrations/000006_env_display_name.up.sql
migrate/000007_org_external_id.down.sql,cmd/migrate/migrations/000007_org_external_id.down.sql
migrate/000007_org_external_id.up.sql,cmd/migrate/migrations/000007_org_external_id.up.sql
migrate/000008_org_domains.down.sql,cmd/migrate/migrations/000008_org_domains.down.sql
migrate/000008_org_domains.up.sql,cmd/migrate/migrations/000008_org_domains.up.sql
migrate/000009_env_auth_domain.down.sql,cmd/migrate/migrations/000009_env_auth_domain.down.sql
migrate/000009_env_auth_domain.up.sql,cmd/migrate/migrations/000009_env_auth_domain.up.sql
migrate/000010_saml_conn_sp_entity_id.down.sql,cmd/migrate/migrations/000010_saml_conn_sp_entity_id.down.sql
migrate/000010_saml_conn_sp_entity_id.up.sql,cmd/migrate/migrations/000010_saml_conn_sp_entity_id.up.sql
migrate/000011_env_auth_url.down.sql,cmd/migrate/migrations/000011_env_auth_url.down.sql
migrate/000011_env_auth_url.up.sql,cmd/migrate/migrations/000011_env_auth_url.up.sql
migrate/000012_saml_login_events.down.sql,cmd/migrate/migrations/000012_saml_login_events.down.sql
migrate/000012_saml_login_events.up.sql,cmd/migrate/migrations/000012_saml_login_events.up.sql
migrate/000013_saml_flows.down.sql,cmd/migrate/migrations/000013_saml_flows.down.sql
migrate/000013_saml_flows.up.sql,cmd/migrate/migrations/000013_saml_flows.up.sql
migrate/000014_remove_saml_flow_steps.down.sql,cmd/migrate/migrations/000014_remove_saml_flow_steps.down.sql
migrate/000014_remove_saml_flow_steps.up.sql,cmd/migrate/migrations/000014_remove_saml_flow_steps.up.sql
migrate/000015_saml_flow_redeem_response.down.sql,cmd/migrate/migrations/000015_saml_flow_redeem_response.down.sql
migrate/000015_saml_flow_redeem_response.up.sql,cmd/migrate/migrations/000015_saml_flow_redeem_response.up.sql
migrate/000016_api_keys_environment.down.sql,cmd/migrate/migrations/000016_api_keys_environment.down.sql
migrate/000016_api_keys_environment.up.sql,cmd/migrate/migrations/000016_api_keys_environment.up.sql
migrate/000017_email_verification_challenges.down.sql,cmd/migrate/migrations/000017_email_verification_challenges.down.sql
migrate/000017_email_verification_challenges.up.sql,cmd/migrate/migrations/000017_email_verification_challenges.up.sql
migrate/000018_app_organizations_google_hosted_domain_unique.down.sql,cmd/migrate/migrations/000018_app_organizations_google_hosted_domain_unique.down.sql
migrate/000018_app_organizations_google_hosted_domain_unique.up.sql,cmd/migrate/migrations/000018_app_organizations_google_hosted_domain_unique.up.sql
migrate/000019_saml_flows_receive_assertion_domain_mismatch.down.sql,cmd/migrate/migrations/000019_saml_flows_receive_assertion_domain_mismatch.down.sql
migrate/000019_saml_flows_receive_assertion_domain_mismatch.up.sql,cmd/migrate/migrations/000019_saml_flows_receive_assertion_domain_mismatch.up.sql
migrate/000020_access_code_after_validation.down.sql,cmd/migrate/migrations/000020_access_code_after_validation.down.sql
migrate/000020_access_code_after_validation.up.sql,cmd/migrate/migrations/000020_access_code_after_validation.up.sql
migrate/000021_conn_primary.down.sql,cmd/migrate/migrations/000021_conn_primary.down.sql
migrate/000021_conn_primary.up.sql,cmd/migrate/migrations/000021_conn_primary.up.sql
migrate/000022_non_null_stuff.down.sql,cmd/migrate/migrations/000022_non_null_stuff.down.sql
migrate/000022_non_null_stuff.up.sql,cmd/migrate/migrations/000022_non_null_stuff.up.sql
migrate/000023_onboarding.down.sql,cmd/migrate/migrations/000023_onboarding.down.sql
migrate/000023_onboarding.up.sql,cmd/migrate/migrations/000023_onboarding.up.sql
migrate/000024_error_unsigned_assertion.down.sql,cmd/migrate/migrations/000024_error_unsigned_assertion.down.sql
migrate/000024_error_unsigned_assertion.up.sql,cmd/migrate/migrations/000024_error_unsigned_assertion.up.sql
migrate/000025_access_token_sha256.down.sql,cmd/migrate/migrations/000025_access_token_sha256.down.sql
migrate/000025_access_token_sha256.up.sql,cmd/migrate/migrations/000025_access_token_sha256.up.sql
migrate/000026_session_token_sha256.down.sql,cmd/migrate/migrations/000026_session_token_sha256.down.sql
migrate/000026_session_token_sha256.up.sql,cmd/migrate/migrations/000026_session_token_sha256.up.sql
migrate/000027_api_key_secret_value_sha256.down.sql,cmd/migrate/migrations/000027_api_key_secret_value_sha256.down.sql
migrate/000027_api_key_secret_value_sha256.up.sql,cmd/migrate/migrations/000027_api_key_secret_value_sha256.up.sql
migrate/000028_env_oauth_redirect_uri.down.sql,cmd/migrate/migrations/000028_env_oauth_redirect_uri.down.sql
migrate/000028_env_oauth_redirect_uri.up.sql,cmd/migrate/migrations/000028_env_oauth_redirect_uri.up.sql
migrate/000029_saml_oauth_client.down.sql,cmd/migrate/migrations/000029_saml_oauth_client.down.sql
migrate/000029_saml_oauth_client.up.sql,cmd/migrate/migrations/000029_saml_oauth_client.up.sql
migrate/000030_app_session_revoked.down.sql,cmd/migrate/migrations/000030_app_session_revoked.down.sql
migrate/000030_app_session_revoked.up.sql,cmd/migrate/migrations/000030_app_session_revoked.up.sql
